OEM,MODEL,BODY TYPE,PRICE IN LAKHS,YEAR,MONTH,SALE
Datsun,Go,Hatchback,4.03,2016,1,673
Datsun,Go Plus,MUV,4.26,2016,1,740
Datsun,RediGo,Hatchback,3.98,2016,1,
Fiat,"Evo, Avventura",Hatchback,6.57,2016,1,520
Fiat,Linea,Sedan,7.19,2016,1,93
Ford,Aspire,Sedan,7.28,2016,1,1748
Ford,EcoSport,SUV,8.19,2016,1,3047
Ford,Endeavour,SUV,29.99,2016,1,480
Ford,Figo,Hatchback,5.82,2016,1,1770
Ford,Mustang,Others,74.61,2016,1,
Honda,Amaze,Sedan,6.38,2016,1,3471
Honda,Brio,Hatchback,4.73,2016,1,396
Honda,BRV,SUV,13.9,2016,1,
Honda,City,Sedan,15.18,2016,1,8037
Honda,CRV,SUV,28.34,2016,1,81
Honda,Jazz,Hatchback,7.81,2016,1,4709
Hyundai,Creta,SUV,10.22,2016,1,6589
Hyundai,Elantra,Sedan,17.86,2016,1,42
Hyundai,Elite i20,Hatchback,5.57,2016,1,9604
Hyundai,Eon,Hatchback,3.33,2016,1,5431
Hyundai,Grand i10,Hatchback,5,2016,1,9934
Hyundai,Tucson,SUV,23,2016,1,
Hyundai,Verna,Sedan,8,2016,1,1224
Hyundai,Xcent,Sedan,6,2016,1,3708
Mahindra,Bolero,MUV,8.99,2016,1,6160
Mahindra,KUV100,Hatchback,6.19,2016,1,3413
Mahindra,Scorpio,SUV,13.18,2016,1,4013
Mahindra,TUV300,SUV,15,2016,1,3816
Mahindra,"Verito, Vibe",Sedan,10,2016,1,293
Mahindra,XUV500,SUV,13,2016,1,2493
Mahindra,Xylo,MUV,8.86,2016,1,500
Maruti Suzuki,Alto,Hatchback,3.25,2016,1,21462
Maruti Suzuki,Baleno,Hatchback,6.03,2016,1,7698
Maruti Suzuki,Celerio,Hatchback,5.14,2016,1,7141
Maruti Suzuki,Ciaz,Sedan,8.67,2016,1,5431
Maruti Suzuki,Dzire,Sedan,6.09,2016,1,17587
Maruti Suzuki,Ertiga,MUV,8.11,2016,1,5799
Maruti Suzuki,Gypsy,MUV,6.5,2016,1,283
Maruti Suzuki,Ignis,Hatchback,5.08,2016,1,
Maruti Suzuki,Omni,MUV,2.08,2016,1,5901
Maruti Suzuki,S-Cross,Hatchback,8.6,2016,1,2032
Maruti Suzuki,Swift,Hatchback,5.9,2016,1,14057
Maruti Suzuki,Vitara Brezza,SUV,7.68,2016,1,
Maruti Suzuki,WagonR,Hatchback,5.16,2016,1,12744
Maruti Suzuki,Еесо,MUV,4.53,2016,1,4611
Nissan,Micra,Hatchback,6.63,2016,1,543
Nissan,Sunny,Sedan,7.07,2016,1,206
Nissan,Terrano,SUV,10,2016,1,502
Renault,Kwid,Hatchback,4.24,2016,1,5985
Renault,Lodgy,MUV,8.63,2016,1,423
Skoda,Octavia,Sedan,26.29,2016,1,155
Skoda,Rapid,Sedan,11.99,2016,1,1044
Skoda,Superb,Sedan,32.85,2016,1,2
Tata,Bolt,Hatchback,5.25,2016,1,1072
Tata,Nano,Hatchback,2.05,2016,1,1608
Tata,"Safari, Storme",SUV,11.09,2016,1,575
Tata,Sumo,MUV,5.26,2016,1,745
Tata,Tiago,Hatchback,5.19,2016,1,
Tata,Tigor,Sedan,5.79,2016,1,
Tata,Zest,Sedan,5.82,2016,1,2026
Tata,Hexa,MUV,13.69,2016,1,
Toyota,Camry,Sedan,41.7,2016,1,150
Toyota,Corolla,Sedan,16.46,2016,1,361
Toyota,Etios,Sedan,7.04,2016,1,2343
Toyota,Fortuner,SUV,31.38,2016,1,825
Toyota,Innova,MUV,17.3,2016,1,3352
Toyota,Landcruiser,SUV,147,2016,1,1
Toyota,"Liva, Cross",Hatchback,5.68,2016,1,1478
Volkswagen,Polo,Hatchback,6.49,2016,1,2499
Volkswagen,Vento,Sedan,10,2016,1,1393
Datsun,Go,Hatchback,4.03,2016,2,1414
Datsun,Go Plus,MUV,4.26,2016,2,668
Datsun,RediGo,Hatchback,3.98,2016,2,
Fiat,"Evo, Avventura",Hatchback,6.57,2016,2,477
Fiat,Linea,Sedan,7.19,2016,2,105
Ford,Aspire,Sedan,7.28,2016,2,855
Ford,EcoSport,SUV,8.19,2016,2,2638
Ford,Endeavour,SUV,29.99,2016,2,410
Ford,Figo,Hatchback,5.82,2016,2,1580
Ford,Mustang,Others,74.61,2016,2,
Honda,Amaze,Sedan,6.38,2016,2,4069
Honda,Brio,Hatchback,4.73,2016,2,399
Honda,BRV,SUV,13.9,2016,2,
Honda,City,Sedan,15.18,2016,2,4880
Honda,CRV,SUV,28.34,2016,2,81
Honda,Jazz,Hatchback,7.81,2016,2,3365
Hyundai,Creta,SUV,10.22,2016,2,8196
Hyundai,Elantra,Sedan,17.86,2016,2,114
Hyundai,Elite i20,Hatchback,5.57,2016,2,10202
Hyundai,Eon,Hatchback,3.33,2016,2,5539
Hyundai,Grand i10,Hatchback,5,2016,2,8898
Hyundai,Tucson,SUV,23,2016,2,
Hyundai,Verna,Sedan,8,2016,2,1368
Hyundai,Xcent,Sedan,6,2016,2,4193
Mahindra,Bolero,MUV,8.99,2016,2,7446
Mahindra,KUV100,Hatchback,6.19,2016,2,4486
Mahindra,Scorpio,SUV,13.18,2016,2,4064
Mahindra,TUV300,SUV,15,2016,2,2635
Mahindra,"Verito, Vibe",Sedan,10,2016,2,217
Mahindra,XUV500,SUV,13,2016,2,2790
Mahindra,Xylo,MUV,8.86,2016,2,511
Maruti Suzuki,Alto,Hatchback,3.25,2016,2,21286
Maruti Suzuki,Baleno,Hatchback,6.03,2016,2,6888
Maruti Suzuki,Celerio,Hatchback,5.14,2016,2,5137
Maruti Suzuki,Ciaz,Sedan,8.67,2016,2,5162
Maruti Suzuki,Dzire,Sedan,6.09,2016,2,17410
Maruti Suzuki,Ertiga,MUV,8.11,2016,2,5620
Maruti Suzuki,Gypsy,MUV,6.5,2016,2,340
Maruti Suzuki,Ignis,Hatchback,5.08,2016,2,
Maruti Suzuki,Omni,MUV,2.08,2016,2,7151
Maruti Suzuki,S-Cross,Hatchback,8.6,2016,2,2524
Maruti Suzuki,Swift,Hatchback,5.9,2016,2,15475
Maruti Suzuki,Vitara Brezza,SUV,7.68,2016,2,
Maruti Suzuki,WagonR,Hatchback,5.16,2016,2,14209
Maruti Suzuki,Еесо,MUV,4.53,2016,2,5331
Nissan,Micra,Hatchback,6.63,2016,2,787
Nissan,Sunny,Sedan,7.07,2016,2,217
Nissan,Terrano,SUV,10,2016,2,759
Renault,Kwid,Hatchback,4.24,2016,2,7544
Renault,Lodgy,MUV,8.63,2016,2,527
Skoda,Octavia,Sedan,26.29,2016,2,239
Skoda,Rapid,Sedan,11.99,2016,2,836
Skoda,Superb,Sedan,32.85,2016,2,84
Tata,Bolt,Hatchback,5.25,2016,2,772
Tata,Nano,Hatchback,2.05,2016,2,1414
Tata,"Safari, Storme",SUV,11.09,2016,2,835
Tata,Sumo,MUV,5.26,2016,2,791
Tata,Tiago,Hatchback,5.19,2016,2,1096
Tata,Tigor,Sedan,5.79,2016,2,
Tata,Zest,Sedan,5.82,2016,2,2195
Tata,Hexa,MUV,13.69,2016,2,
Toyota,Camry,Sedan,41.7,2016,2,98
Toyota,Corolla,Sedan,16.46,2016,2,499
Toyota,Etios,Sedan,7.04,2016,2,2257
Toyota,Fortuner,SUV,31.38,2016,2,914
Toyota,Innova,MUV,17.3,2016,2,4945
Toyota,Landcruiser,SUV,147,2016,2,8
Toyota,"Liva, Cross",Hatchback,5.68,2016,2,1591
Volkswagen,Polo,Hatchback,6.49,2016,2,1266
Volkswagen,Vento,Sedan,10,2016,2,1110
Datsun,Go,Hatchback,4.03,2016,3,1414
Datsun,Go Plus,MUV,4.26,2016,3,668
Datsun,RediGo,Hatchback,3.98,2016,3,
Fiat,"Evo, Avventura",Hatchback,6.57,2016,3,491
Fiat,Linea,Sedan,7.19,2016,3,101
Ford,Aspire,Sedan,7.28,2016,3,1328
Ford,EcoSport,SUV,8.19,2016,3,4456
Ford,Endeavour,SUV,29.99,2016,3,385
Ford,Figo,Hatchback,5.82,2016,3,1396
Ford,Mustang,Others,74.61,2016,3,
Honda,Amaze,Sedan,6.38,2016,3,5223
Honda,Brio,Hatchback,4.73,2016,3,2158
Honda,BRV,SUV,13.9,2016,3,
Honda,City,Sedan,15.18,2016,3,5662
Honda,CRV,SUV,28.34,2016,3,94
Honda,Jazz,Hatchback,7.81,2016,3,3683
Hyundai,Creta,SUV,10.22,2016,3,8163
Hyundai,Elantra,Sedan,17.86,2016,3,74
Hyundai,Elite i20,Hatchback,5.57,2016,3,10647
Hyundai,Eon,Hatchback,3.33,2016,3,5460
Hyundai,Grand i10,Hatchback,5,2016,3,9544
Hyundai,Tucson,SUV,23,2016,3,
Hyundai,Verna,Sedan,8,2016,3,1520
Hyundai,Xcent,Sedan,6,2016,3,3761
Mahindra,Bolero,MUV,8.99,2016,3,6211
Mahindra,KUV100,Hatchback,6.19,2016,3,5157
Mahindra,Scorpio,SUV,13.18,2016,3,4015
Mahindra,TUV300,SUV,15,2016,3,2614
Mahindra,"Verito, Vibe",Sedan,10,2016,3,286
Mahindra,XUV500,SUV,13,2016,3,3161
Mahindra,Xylo,MUV,8.86,2016,3,602
Maruti Suzuki,Alto,Hatchback,3.25,2016,3,22101
Maruti Suzuki,Baleno,Hatchback,6.03,2016,3,6236
Maruti Suzuki,Celerio,Hatchback,5.14,2016,3,8859
Maruti Suzuki,Ciaz,Sedan,8.67,2016,3,5480
Maruti Suzuki,Dzire,Sedan,6.09,2016,3,17796
Maruti Suzuki,Ertiga,MUV,8.11,2016,3,5544
Maruti Suzuki,Gypsy,MUV,6.5,2016,3,220
Maruti Suzuki,Ignis,Hatchback,5.08,2016,3,
Maruti Suzuki,Omni,MUV,2.08,2016,3,7245
Maruti Suzuki,S-Cross,Hatchback,8.6,2016,3,2567
Maruti Suzuki,Swift,Hatchback,5.9,2016,3,14524
Maruti Suzuki,Vitara Brezza,SUV,7.68,2016,3,5563
Maruti Suzuki,WagonR,Hatchback,5.16,2016,3,14577
Maruti Suzuki,Еесо,MUV,4.53,2016,3,5651
Nissan,Micra,Hatchback,6.63,2016,3,878
Nissan,Sunny,Sedan,7.07,2016,3,185
Nissan,Terrano,SUV,10,2016,3,587
Renault,Kwid,Hatchback,4.24,2016,3,9743
Renault,Lodgy,MUV,8.63,2016,3,573
Skoda,Octavia,Sedan,26.29,2016,3,262
Skoda,Rapid,Sedan,11.99,2016,3,1049
Skoda,Superb,Sedan,32.85,2016,3,87
Tata,Bolt,Hatchback,5.25,2016,3,742
Tata,Nano,Hatchback,2.05,2016,3,732
Tata,"Safari, Storme",SUV,11.09,2016,3,546
Tata,Sumo,MUV,5.26,2016,3,962
Tata,Tiago,Hatchback,5.19,2016,3,
Tata,Tigor,Sedan,5.79,2016,3,
Tata,Zest,Sedan,5.82,2016,3,1989
Tata,Hexa,MUV,13.69,2016,3,
Toyota,Camry,Sedan,41.7,2016,3,138
Toyota,Corolla,Sedan,16.46,2016,3,584
Toyota,Etios,Sedan,7.04,2016,3,2389
Toyota,Fortuner,SUV,31.38,2016,3,481
Toyota,Innova,MUV,17.3,2016,3,2805
Toyota,Landcruiser,SUV,147,2016,3,37
Toyota,"Liva, Cross",Hatchback,5.68,2016,3,1203
Volkswagen,Polo,Hatchback,6.49,2016,3,2208
Volkswagen,Vento,Sedan,10,2016,3,1094
Datsun,Go,Hatchback,4.03,2016,4,906
Datsun,Go Plus,MUV,4.26,2016,4,890
Datsun,RediGo,Hatchback,3.98,2016,4,
Fiat,"Evo, Avventura",Hatchback,6.57,2016,4,408
Fiat,Linea,Sedan,7.19,2016,4,67
Ford,Aspire,Sedan,7.28,2016,4,1156
Ford,EcoSport,SUV,8.19,2016,4,3789
Ford,Endeavour,SUV,29.99,2016,4,560
Ford,Figo,Hatchback,5.82,2016,4,1055
Ford,Mustang,Others,74.61,2016,4,
Honda,Amaze,Sedan,6.38,2016,4,2639
Honda,Brio,Hatchback,4.73,2016,4,198
Honda,BRV,SUV,13.9,2016,4,567
Honda,City,Sedan,15.18,2016,4,5793
Honda,CRV,SUV,28.34,2016,4,46
Honda,Jazz,Hatchback,7.81,2016,4,869
Hyundai,Creta,SUV,10.22,2016,4,7900
Hyundai,Elantra,Sedan,17.86,2016,4,71
Hyundai,Elite i20,Hatchback,5.57,2016,4,11147
Hyundai,Eon,Hatchback,3.33,2016,4,5417
Hyundai,Grand i10,Hatchback,5,2016,4,9840
Hyundai,Tucson,SUV,23,2016,4,
Hyundai,Verna,Sedan,8,2016,4,2050
Hyundai,Xcent,Sedan,6,2016,4,4200
Mahindra,Bolero,MUV,8.99,2016,4,5785
Mahindra,KUV100,Hatchback,6.19,2016,4,5097
Mahindra,Scorpio,SUV,13.18,2016,4,4328
Mahindra,TUV300,SUV,15,2016,4,1928
Mahindra,"Verito, Vibe",Sedan,10,2016,4,138
Mahindra,XUV500,SUV,13,2016,4,2821
Mahindra,Xylo,MUV,8.86,2016,4,457
Maruti Suzuki,Alto,Hatchback,3.25,2016,4,16583
Maruti Suzuki,Baleno,Hatchback,6.03,2016,4,9562
Maruti Suzuki,Celerio,Hatchback,5.14,2016,4,8548
Maruti Suzuki,Ciaz,Sedan,8.67,2016,4,5702
Maruti Suzuki,Dzire,Sedan,6.09,2016,4,13256
Maruti Suzuki,Ertiga,MUV,8.11,2016,4,5484
Maruti Suzuki,Gypsy,MUV,6.5,2016,4,221
Maruti Suzuki,Ignis,Hatchback,5.08,2016,4,
Maruti Suzuki,Omni,MUV,2.08,2016,4,8356
Maruti Suzuki,S-Cross,Hatchback,8.6,2016,4,2507
Maruti Suzuki,Swift,Hatchback,5.9,2016,4,15661
Maruti Suzuki,Vitara Brezza,SUV,7.68,2016,4,7832
Maruti Suzuki,WagonR,Hatchback,5.16,2016,4,15323
Maruti Suzuki,Еесо,MUV,4.53,2016,4,6164
Nissan,Micra,Hatchback,6.63,2016,4,596
Nissan,Sunny,Sedan,7.07,2016,4,171
Nissan,Terrano,SUV,10,2016,4,463
Renault,Kwid,Hatchback,4.24,2016,4,9795
Renault,Lodgy,MUV,8.63,2016,4,391
Skoda,Octavia,Sedan,26.29,2016,4,183
Skoda,Rapid,Sedan,11.99,2016,4,621
Skoda,Superb,Sedan,32.85,2016,4,107
Tata,Bolt,Hatchback,5.25,2016,4,290
Tata,Nano,Hatchback,2.05,2016,4,1100
Tata,"Safari, Storme",SUV,11.09,2016,4,539
Tata,Sumo,MUV,5.26,2016,4,814
Tata,Tiago,Hatchback,5.19,2016,4,3022
Tata,Tigor,Sedan,5.79,2016,4,
Tata,Zest,Sedan,5.82,2016,4,1419
Tata,Hexa,MUV,13.69,2016,4,
Toyota,Camry,Sedan,41.7,2016,4,127
Toyota,Corolla,Sedan,16.46,2016,4,412
Toyota,Etios,Sedan,7.04,2016,4,1960
Toyota,Fortuner,SUV,31.38,2016,4,509
Toyota,Innova,MUV,17.3,2016,4,4269
Toyota,Landcruiser,SUV,147,2016,4,10
Toyota,"Liva, Cross",Hatchback,5.68,2016,4,1242
Volkswagen,Polo,Hatchback,6.49,2016,4,1906
Volkswagen,Vento,Sedan,10,2016,4,973
Datsun,Go,Hatchback,4.03,2016,5,1118
Datsun,Go Plus,MUV,4.26,2016,5,666
Datsun,RediGo,Hatchback,3.98,2016,5,576
Fiat,"Evo, Avventura",Hatchback,6.57,2016,5,354
Fiat,Linea,Sedan,7.19,2016,5,147
Ford,Aspire,Sedan,7.28,2016,5,1170
Ford,EcoSport,SUV,8.19,2016,5,3033
Ford,Endeavour,SUV,29.99,2016,5,501
Ford,Figo,Hatchback,5.82,2016,5,1076
Ford,Mustang,Others,74.61,2016,5,
Honda,Amaze,Sedan,6.38,2016,5,1409
Honda,Brio,Hatchback,4.73,2016,5,228
Honda,BRV,SUV,13.9,2016,5,2344
Honda,City,Sedan,15.18,2016,5,3305
Honda,CRV,SUV,28.34,2016,5,69
Honda,Jazz,Hatchback,7.81,2016,5,2473
Hyundai,Creta,SUV,10.22,2016,5,7057
Hyundai,Elantra,Sedan,17.86,2016,5,44
Hyundai,Elite i20,Hatchback,5.57,2016,5,10472
Hyundai,Eon,Hatchback,3.33,2016,5,3634
Hyundai,Grand i10,Hatchback,5,2016,5,12055
Hyundai,Tucson,SUV,23,2016,5,
Hyundai,Verna,Sedan,8,2016,5,1502
Hyundai,Xcent,Sedan,6,2016,5,4701
Mahindra,Bolero,MUV,8.99,2016,5,4419
Mahindra,KUV100,Hatchback,6.19,2016,5,4446
Mahindra,Scorpio,SUV,13.18,2016,5,4264
Mahindra,TUV300,SUV,15,2016,5,1902
Mahindra,"Verito, Vibe",Sedan,10,2016,5,182
Mahindra,XUV500,SUV,13,2016,5,2264
Mahindra,Xylo,MUV,8.86,2016,5,500
Maruti Suzuki,Alto,Hatchback,3.25,2016,5,19874
Maruti Suzuki,Baleno,Hatchback,6.03,2016,5,10004
Maruti Suzuki,Celerio,Hatchback,5.14,2016,5,7379
Maruti Suzuki,Ciaz,Sedan,8.67,2016,5,5188
Maruti Suzuki,Dzire,Sedan,6.09,2016,5,16968
Maruti Suzuki,Ertiga,MUV,8.11,2016,5,4133
Maruti Suzuki,Gypsy,MUV,6.5,2016,5,169
Maruti Suzuki,Ignis,Hatchback,5.08,2016,5,
Maruti Suzuki,Omni,MUV,2.08,2016,5,6923
Maruti Suzuki,S-Cross,Hatchback,8.6,2016,5,2101
Maruti Suzuki,Swift,Hatchback,5.9,2016,5,12355
Maruti Suzuki,Vitara Brezza,SUV,7.68,2016,5,7193
Maruti Suzuki,WagonR,Hatchback,5.16,2016,5,13231
Maruti Suzuki,Еесо,MUV,4.53,2016,5,5241
Nissan,Micra,Hatchback,6.63,2016,5,652
Nissan,Sunny,Sedan,7.07,2016,5,161
Nissan,Terrano,SUV,10,2016,5,333
Renault,Kwid,Hatchback,4.24,2016,5,5600
Renault,Lodgy,MUV,8.63,2016,5,730
Skoda,Octavia,Sedan,26.29,2016,5,217
Skoda,Rapid,Sedan,11.99,2016,5,623
Skoda,Superb,Sedan,32.85,2016,5,56
Tata,Bolt,Hatchback,5.25,2016,5,596
Tata,Nano,Hatchback,2.05,2016,5,856
Tata,"Safari, Storme",SUV,11.09,2016,5,333
Tata,Sumo,MUV,5.26,2016,5,454
Tata,Tiago,Hatchback,5.19,2016,5,3287
Tata,Tigor,Sedan,5.79,2016,5,
Tata,Zest,Sedan,5.82,2016,5,1554
Tata,Hexa,MUV,13.69,2016,5,
Toyota,Camry,Sedan,41.7,2016,5,177
Toyota,Corolla,Sedan,16.46,2016,5,652
Toyota,Etios,Sedan,7.04,2016,5,2625
Toyota,Fortuner,SUV,31.38,2016,5,579
Toyota,Innova,MUV,17.3,2016,5,7259
Toyota,Landcruiser,SUV,147,2016,5,25
Toyota,"Liva, Cross",Hatchback,5.68,2016,5,1297
Volkswagen,Polo,Hatchback,6.49,2016,5,2480
Volkswagen,Vento,Sedan,10,2016,5,995
Datsun,Go,Hatchback,4.03,2016,6,791
Datsun,Go Plus,MUV,4.26,2016,6,551
Datsun,RediGo,Hatchback,3.98,2016,6,2925
Fiat,"Evo, Avventura",Hatchback,6.57,2016,6,501
Fiat,Linea,Sedan,7.19,2016,6,90
Ford,Aspire,Sedan,7.28,2016,6,2401
Ford,EcoSport,SUV,8.19,2016,6,4609
Ford,Endeavour,SUV,29.99,2016,6,465
Ford,Figo,Hatchback,5.82,2016,6,1990
Ford,Mustang,Others,74.61,2016,6,
Honda,Amaze,Sedan,6.38,2016,6,1617
Honda,Brio,Hatchback,4.73,2016,6,359
Honda,BRV,SUV,13.9,2016,6,3064
Honda,City,Sedan,15.18,2016,6,3581
Honda,CRV,SUV,28.34,2016,6,53
Honda,Jazz,Hatchback,7.81,2016,6,2593
Hyundai,Creta,SUV,10.22,2016,6,7700
Hyundai,Elantra,Sedan,17.86,2016,6,112
Hyundai,Elite i20,Hatchback,5.57,2016,6,8990
Hyundai,Eon,Hatchback,3.33,2016,6,3600
Hyundai,Grand i10,Hatchback,5,2016,6,12678
Hyundai,Tucson,SUV,23,2016,6,
Hyundai,Verna,Sedan,8,2016,6,1800
Hyundai,Xcent,Sedan,6,2016,6,3800
Mahindra,Bolero,MUV,8.99,2016,6,3699
Mahindra,KUV100,Hatchback,6.19,2016,6,3543
Mahindra,Scorpio,SUV,13.18,2016,6,3366
Mahindra,TUV300,SUV,15,2016,6,1722
Mahindra,"Verito, Vibe",Sedan,10,2016,6,266
Mahindra,XUV500,SUV,13,2016,6,2288
Mahindra,Xylo,MUV,8.86,2016,6,564
Maruti Suzuki,Alto,Hatchback,3.25,2016,6,15750
Maruti Suzuki,Baleno,Hatchback,6.03,2016,6,6967
Maruti Suzuki,Celerio,Hatchback,5.14,2016,6,5797
Maruti Suzuki,Ciaz,Sedan,8.67,2016,6,2800
Maruti Suzuki,Dzire,Sedan,6.09,2016,6,15560
Maruti Suzuki,Ertiga,MUV,8.11,2016,6,2726
Maruti Suzuki,Gypsy,MUV,6.5,2016,6,199
Maruti Suzuki,Ignis,Hatchback,5.08,2016,6,
Maruti Suzuki,Omni,MUV,2.08,2016,6,5530
Maruti Suzuki,S-Cross,Hatchback,8.6,2016,6,110
Maruti Suzuki,Swift,Hatchback,5.9,2016,6,9033
Maruti Suzuki,Vitara Brezza,SUV,7.68,2016,6,6673
Maruti Suzuki,WagonR,Hatchback,5.16,2016,6,11962
Maruti Suzuki,Еесо,MUV,4.53,2016,6,4344
Nissan,Micra,Hatchback,6.63,2016,6,554
Nissan,Sunny,Sedan,7.07,2016,6,157
Nissan,Terrano,SUV,10,2016,6,234
Renault,Kwid,Hatchback,4.24,2016,6,9459
Renault,Lodgy,MUV,8.63,2016,6,274
Skoda,Octavia,Sedan,26.29,2016,6,197
Skoda,Rapid,Sedan,11.99,2016,6,650
Skoda,Superb,Sedan,32.85,2016,6,151
Tata,Bolt,Hatchback,5.25,2016,6,698
Tata,Nano,Hatchback,2.05,2016,6,481
Tata,"Safari, Storme",SUV,11.09,2016,6,482
Tata,Sumo,MUV,5.26,2016,6,281
Tata,Tiago,Hatchback,5.19,2016,6,4205
Tata,Tigor,Sedan,5.79,2016,6,
Tata,Zest,Sedan,5.82,2016,6,2138
Tata,Hexa,MUV,13.69,2016,6,
Toyota,Camry,Sedan,41.7,2016,6,151
Toyota,Corolla,Sedan,16.46,2016,6,513
Toyota,Etios,Sedan,7.04,2016,6,2649
Toyota,Fortuner,SUV,31.38,2016,6,911
Toyota,Innova,MUV,17.3,2016,6,8171
Toyota,Landcruiser,SUV,147,2016,6,17
Toyota,"Liva, Cross",Hatchback,5.68,2016,6,1155
Volkswagen,Polo,Hatchback,6.49,2016,6,2977
Volkswagen,Vento,Sedan,10,2016,6,919
Datsun,Go,Hatchback,4.03,2016,7,941
Datsun,Go Plus,MUV,4.26,2016,7,600
Datsun,RediGo,Hatchback,3.98,2016,7,3940
Fiat,"Evo, Avventura",Hatchback,6.57,2016,7,424
Fiat,Linea,Sedan,7.19,2016,7,123
Ford,Aspire,Sedan,7.28,2016,7,748
Ford,EcoSport,SUV,8.19,2016,7,4885
Ford,Endeavour,SUV,29.99,2016,7,698
Ford,Figo,Hatchback,5.82,2016,7,710
Ford,Mustang,Others,74.61,2016,7,35
Honda,Amaze,Sedan,6.38,2016,7,2309
Honda,Brio,Hatchback,4.73,2016,7,349
Honda,BRV,SUV,13.9,2016,7,3333
Honda,City,Sedan,15.18,2016,7,4317
Honda,CRV,SUV,28.34,2016,7,71
Honda,Jazz,Hatchback,7.81,2016,7,3517
Hyundai,Creta,SUV,10.22,2016,7,7981
Hyundai,Elantra,Sedan,17.86,2016,7,0
Hyundai,Elite i20,Hatchback,5.57,2016,7,9910
Hyundai,Eon,Hatchback,3.33,2016,7,3792
Hyundai,Grand i10,Hatchback,5,2016,7,11961
Hyundai,Tucson,SUV,23,2016,7,0
Hyundai,Verna,Sedan,8,2016,7,1614
Hyundai,Xcent,Sedan,6,2016,7,4585
Mahindra,Bolero,MUV,8.99,2016,7,3929
Mahindra,KUV100,Hatchback,6.19,2016,7,2964
Mahindra,Scorpio,SUV,13.18,2016,7,3480
Mahindra,TUV300,SUV,15,2016,7,2175
Mahindra,"Verito, Vibe",Sedan,10,2016,7,375
Mahindra,XUV500,SUV,13,2016,7,2210
Mahindra,Xylo,MUV,8.86,2016,7,566
Maruti Suzuki,Alto,Hatchback,3.25,2016,7,19844
Maruti Suzuki,Baleno,Hatchback,6.03,2016,7,9120
Maruti Suzuki,Celerio,Hatchback,5.14,2016,7,7792
Maruti Suzuki,Ciaz,Sedan,8.67,2016,7,5162
Maruti Suzuki,Dzire,Sedan,6.09,2016,7,19229
Maruti Suzuki,Ertiga,MUV,8.11,2016,7,6625
Maruti Suzuki,Gypsy,MUV,6.5,2016,7,156
Maruti Suzuki,Ignis,Hatchback,5.08,2016,7,
Maruti Suzuki,Omni,MUV,2.08,2016,7,8554
Maruti Suzuki,S-Cross,Hatchback,8.6,2016,7,369
Maruti Suzuki,Swift,Hatchback,5.9,2016,7,13934
Maruti Suzuki,Vitara Brezza,SUV,7.68,2016,7,10232
Maruti Suzuki,WagonR,Hatchback,5.16,2016,7,15207
Maruti Suzuki,Еесо,MUV,4.53,2016,7,6184
Nissan,Micra,Hatchback,6.63,2016,7,514
Nissan,Sunny,Sedan,7.07,2016,7,97
Nissan,Terrano,SUV,10,2016,7,326
Renault,Kwid,Hatchback,4.24,2016,7,9897
Renault,Lodgy,MUV,8.63,2016,7,234
Skoda,Octavia,Sedan,26.29,2016,7,201
Skoda,Rapid,Sedan,11.99,2016,7,645
Skoda,Superb,Sedan,32.85,2016,7,115
Tata,Bolt,Hatchback,5.25,2016,7,785
Tata,Nano,Hatchback,2.05,2016,7,701
Tata,"Safari, Storme",SUV,11.09,2016,7,532
Tata,Sumo,MUV,5.26,2016,7,806
Tata,Tiago,Hatchback,5.19,2016,7,5114
Tata,Tigor,Sedan,5.79,2016,7,
Tata,Zest,Sedan,5.82,2016,7,1927
Tata,Hexa,MUV,13.69,2016,7,
Toyota,Camry,Sedan,41.7,2016,7,125
Toyota,Corolla,Sedan,16.46,2016,7,367
Toyota,Etios,Sedan,7.04,2016,7,2351
Toyota,Fortuner,SUV,31.38,2016,7,568
Toyota,Innova,MUV,17.3,2016,7,7765
Toyota,Landcruiser,SUV,147,2016,7,22
Toyota,"Liva, Cross",Hatchback,5.68,2016,7,1205
Volkswagen,Polo,Hatchback,6.49,2016,7,1047
Volkswagen,Vento,Sedan,10,2016,7,947
Datsun,Go,Hatchback,4.03,2016,8,836
Datsun,Go Plus,MUV,4.26,2016,8,726
Datsun,RediGo,Hatchback,3.98,2016,8,3205
Fiat,"Evo, Avventura",Hatchback,6.57,2016,8,501
Fiat,Linea,Sedan,7.19,2016,8,133
Ford,Aspire,Sedan,7.28,2016,8,1304
Ford,EcoSport,SUV,8.19,2016,8,5248
Ford,Endeavour,SUV,29.99,2016,8,702
Ford,Figo,Hatchback,5.82,2016,8,1274
Ford,Mustang,Others,74.61,2016,8,20
Honda,Amaze,Sedan,6.38,2016,8,2488
Honda,Brio,Hatchback,4.73,2016,8,784
Honda,BRV,SUV,13.9,2016,8,2229
Honda,City,Sedan,15.18,2016,8,4255
Honda,CRV,SUV,28.34,2016,8,77
Honda,Jazz,Hatchback,7.81,2016,8,3818
Hyundai,Creta,SUV,10.22,2016,8,8450
Hyundai,Elantra,Sedan,17.86,2016,8,272
Hyundai,Elite i20,Hatchback,5.57,2016,8,11011
Hyundai,Eon,Hatchback,3.33,2016,8,3990
Hyundai,Grand i10,Hatchback,5,2016,8,12957
Hyundai,Tucson,SUV,23,2016,8,0
Hyundai,Verna,Sedan,8,2016,8,948
Hyundai,Xcent,Sedan,6,2016,8,4316
Mahindra,Bolero,MUV,8.99,2016,8,4841
Mahindra,KUV100,Hatchback,6.19,2016,8,2601
Mahindra,Scorpio,SUV,13.18,2016,8,3918
Mahindra,TUV300,SUV,15,2016,8,2279
Mahindra,"Verito, Vibe",Sedan,10,2016,8,388
Mahindra,XUV500,SUV,13,2016,8,2222
Mahindra,Xylo,MUV,8.86,2016,8,614
Maruti Suzuki,Alto,Hatchback,3.25,2016,8,20919
Maruti Suzuki,Baleno,Hatchback,6.03,2016,8,8671
Maruti Suzuki,Celerio,Hatchback,5.14,2016,8,8063
Maruti Suzuki,Ciaz,Sedan,8.67,2016,8,6214
Maruti Suzuki,Dzire,Sedan,6.09,2016,8,15766
Maruti Suzuki,Ertiga,MUV,8.11,2016,8,5024
Maruti Suzuki,Gypsy,MUV,6.5,2016,8,205
Maruti Suzuki,Ignis,Hatchback,5.08,2016,8,
Maruti Suzuki,Omni,MUV,2.08,2016,8,7072
Maruti Suzuki,S-Cross,Hatchback,8.6,2016,8,2023
Maruti Suzuki,Swift,Hatchback,5.9,2016,8,13027
Maruti Suzuki,Vitara Brezza,SUV,7.68,2016,8,9554
Maruti Suzuki,WagonR,Hatchback,5.16,2016,8,14571
Maruti Suzuki,Еесо,MUV,4.53,2016,8,5759
Nissan,Micra,Hatchback,6.63,2016,8,633
Nissan,Sunny,Sedan,7.07,2016,8,165
Nissan,Terrano,SUV,10,2016,8,353
Renault,Kwid,Hatchback,4.24,2016,8,10719
Renault,Lodgy,MUV,8.63,2016,8,410
Skoda,Octavia,Sedan,26.29,2016,8,225
Skoda,Rapid,Sedan,11.99,2016,8,687
Skoda,Superb,Sedan,32.85,2016,8,296
Tata,Bolt,Hatchback,5.25,2016,8,467
Tata,Nano,Hatchback,2.05,2016,8,711
Tata,"Safari, Storme",SUV,11.09,2016,8,589
Tata,Sumo,MUV,5.26,2016,8,978
Tata,Tiago,Hatchback,5.19,2016,8,4527
Tata,Tigor,Sedan,5.79,2016,8,
Tata,Zest,Sedan,5.82,2016,8,2100
Tata,Hexa,MUV,13.69,2016,8,
Toyota,Camry,Sedan,41.7,2016,8,102
Toyota,Corolla,Sedan,16.46,2016,8,369
Toyota,Etios,Sedan,7.04,2016,8,2501
Toyota,Fortuner,SUV,31.38,2016,8,457
Toyota,Innova,MUV,17.3,2016,8,8229
Toyota,Landcruiser,SUV,147,2016,8,26
Toyota,"Liva, Cross",Hatchback,5.68,2016,8,1117
Volkswagen,Polo,Hatchback,6.49,2016,8,1083
Volkswagen,Vento,Sedan,10,2016,8,786
Datsun,Go,Hatchback,4.03,2016,9,639
Datsun,Go Plus,MUV,4.26,2016,9,733
Datsun,RediGo,Hatchback,3.98,2016,9,2598
Fiat,"Evo, Avventura",Hatchback,6.57,2016,9,479
Fiat,Linea,Sedan,7.19,2016,9,108
Ford,Aspire,Sedan,7.28,2016,9,2613
Ford,EcoSport,SUV,8.19,2016,9,4417
Ford,Endeavour,SUV,29.99,2016,9,501
Ford,Figo,Hatchback,5.82,2016,9,1480
Ford,Mustang,Others,74.61,2016,9,7
Honda,Amaze,Sedan,6.38,2016,9,2861
Honda,Brio,Hatchback,4.73,2016,9,1209
Honda,BRV,SUV,13.9,2016,9,2193
Honda,City,Sedan,15.18,2016,9,5855
Honda,CRV,SUV,28.34,2016,9,47
Honda,Jazz,Hatchback,7.81,2016,9,2608
Hyundai,Creta,SUV,10.22,2016,9,8835
Hyundai,Elantra,Sedan,17.86,2016,9,302
Hyundai,Elite i20,Hatchback,5.57,2016,9,10254
Hyundai,Eon,Hatchback,3.33,2016,9,4504
Hyundai,Grand i10,Hatchback,5,2016,9,12212
Hyundai,Tucson,SUV,23,2016,9,0
Hyundai,Verna,Sedan,8,2016,9,1185
Hyundai,Xcent,Sedan,6,2016,9,3896
Mahindra,Bolero,MUV,8.99,2016,9,5744
Mahindra,KUV100,Hatchback,6.19,2016,9,2703
Mahindra,Scorpio,SUV,13.18,2016,9,3902
Mahindra,TUV300,SUV,15,2016,9,2855
Mahindra,"Verito, Vibe",Sedan,10,2016,9,381
Mahindra,XUV500,SUV,13,2016,9,2695
Mahindra,Xylo,MUV,8.86,2016,9,651
Maruti Suzuki,Alto,Hatchback,3.25,2016,9,27750
Maruti Suzuki,Baleno,Hatchback,6.03,2016,9,10623
Maruti Suzuki,Celerio,Hatchback,5.14,2016,9,5452
Maruti Suzuki,Ciaz,Sedan,8.67,2016,9,6544
Maruti Suzuki,Dzire,Sedan,6.09,2016,9,18961
Maruti Suzuki,Ertiga,MUV,8.11,2016,9,6438
Maruti Suzuki,Gypsy,MUV,6.5,2016,9,380
Maruti Suzuki,Ignis,Hatchback,5.08,2016,9,
Maruti Suzuki,Omni,MUV,2.08,2016,9,7143
Maruti Suzuki,S-Cross,Hatchback,8.6,2016,9,2230
Maruti Suzuki,Swift,Hatchback,5.9,2016,9,16746
Maruti Suzuki,Vitara Brezza,SUV,7.68,2016,9,9375
Maruti Suzuki,WagonR,Hatchback,5.16,2016,9,16645
Maruti Suzuki,Еесо,MUV,4.53,2016,9,6475
Nissan,Micra,Hatchback,6.63,2016,9,649
Nissan,Sunny,Sedan,7.07,2016,9,64
Nissan,Terrano,SUV,10,2016,9,274
Renault,Kwid,Hatchback,4.24,2016,9,10558
Renault,Lodgy,MUV,8.63,2016,9,314
Skoda,Octavia,Sedan,26.29,2016,9,188
Skoda,Rapid,Sedan,11.99,2016,9,744
Skoda,Superb,Sedan,32.85,2016,9,284
Tata,Bolt,Hatchback,5.25,2016,9,785
Tata,Nano,Hatchback,2.05,2016,9,610
Tata,"Safari, Storme",SUV,11.09,2016,9,740
Tata,Sumo,MUV,5.26,2016,9,864
Tata,Tiago,Hatchback,5.19,2016,9,4557
Tata,Tigor,Sedan,5.79,2016,9,
Tata,Zest,Sedan,5.82,2016,9,1882
Tata,Hexa,MUV,13.69,2016,9,
Toyota,Camry,Sedan,41.7,2016,9,100
Toyota,Corolla,Sedan,16.46,2016,9,468
Toyota,Etios,Sedan,7.04,2016,9,2784
Toyota,Fortuner,SUV,31.38,2016,9,8
Toyota,Innova,MUV,17.3,2016,9,7300
Toyota,Landcruiser,SUV,147,2016,9,14
Toyota,"Liva, Cross",Hatchback,5.68,2016,9,1393
Volkswagen,Polo,Hatchback,6.49,2016,9,1465
Volkswagen,Vento,Sedan,10,2016,9,871
Datsun,Go,Hatchback,4.03,2016,10,867
Datsun,Go Plus,MUV,4.26,2016,10,556
Datsun,RediGo,Hatchback,3.98,2016,10,3279
Fiat,"Evo, Avventura",Hatchback,6.57,2016,10,542
Fiat,Linea,Sedan,7.19,2016,10,95
Ford,Aspire,Sedan,7.28,2016,10,1162
Ford,EcoSport,SUV,8.19,2016,10,3936
Ford,Endeavour,SUV,29.99,2016,10,388
Ford,Figo,Hatchback,5.82,2016,10,2020
Ford,Mustang,Others,74.61,2016,10,2
Honda,Amaze,Sedan,6.38,2016,10,4009
Honda,Brio,Hatchback,4.73,2016,10,535
Honda,BRV,SUV,13.9,2016,10,1070
Honda,City,Sedan,15.18,2016,10,6378
Honda,CRV,SUV,28.34,2016,10,41
Honda,Jazz,Hatchback,7.81,2016,10,3011
Hyundai,Creta,SUV,10.22,2016,10,8670
Hyundai,Elantra,Sedan,17.86,2016,10,334
Hyundai,Elite i20,Hatchback,5.57,2016,10,11532
Hyundai,Eon,Hatchback,3.33,2016,10,5810
Hyundai,Grand i10,Hatchback,5,2016,10,14530
Hyundai,Tucson,SUV,23,2016,10,200
Hyundai,Verna,Sedan,8,2016,10,1455
Hyundai,Xcent,Sedan,6,2016,10,5015
Mahindra,Bolero,MUV,8.99,2016,10,8323
Mahindra,KUV100,Hatchback,6.19,2016,10,2615
Mahindra,Scorpio,SUV,13.18,2016,10,5251
Mahindra,TUV300,SUV,15,2016,10,3022
Mahindra,"Verito, Vibe",Sedan,10,2016,10,462
Mahindra,XUV500,SUV,13,2016,10,2639
Mahindra,Xylo,MUV,8.86,2016,10,585
Maruti Suzuki,Alto,Hatchback,3.25,2016,10,18854
Maruti Suzuki,Baleno,Hatchback,6.03,2016,10,10718
Maruti Suzuki,Celerio,Hatchback,5.14,2016,10,9581
Maruti Suzuki,Ciaz,Sedan,8.67,2016,10,6360
Maruti Suzuki,Dzire,Sedan,6.09,2016,10,17682
Maruti Suzuki,Ertiga,MUV,8.11,2016,10,5660
Maruti Suzuki,Gypsy,MUV,6.5,2016,10,179
Maruti Suzuki,Ignis,Hatchback,5.08,2016,10,
Maruti Suzuki,Omni,MUV,2.08,2016,10,6987
Maruti Suzuki,S-Cross,Hatchback,8.6,2016,10,2113
Maruti Suzuki,Swift,Hatchback,5.9,2016,10,14611
Maruti Suzuki,Vitara Brezza,SUV,7.68,2016,10,10056
Maruti Suzuki,WagonR,Hatchback,5.16,2016,10,15075
Maruti Suzuki,Еесо,MUV,4.53,2016,10,5803
Nissan,Micra,Hatchback,6.63,2016,10,951
Nissan,Sunny,Sedan,7.07,2016,10,82
Nissan,Terrano,SUV,10,2016,10,371
Renault,Kwid,Hatchback,4.24,2016,10,9801
Renault,Lodgy,MUV,8.63,2016,10,314
Skoda,Octavia,Sedan,26.29,2016,10,245
Skoda,Rapid,Sedan,11.99,2016,10,977
Skoda,Superb,Sedan,32.85,2016,10,246
Tata,Bolt,Hatchback,5.25,2016,10,767
Tata,Nano,Hatchback,2.05,2016,10,726
Tata,"Safari, Storme",SUV,11.09,2016,10,800
Tata,Sumo,MUV,5.26,2016,10,1006
Tata,Tiago,Hatchback,5.19,2016,10,6108
Tata,Tigor,Sedan,5.79,2016,10,
Tata,Zest,Sedan,5.82,2016,10,3206
Tata,Hexa,MUV,13.69,2016,10,
Toyota,Camry,Sedan,41.7,2016,10,79
Toyota,Corolla,Sedan,16.46,2016,10,337
Toyota,Etios,Sedan,7.04,2016,10,2971
Toyota,Fortuner,SUV,31.38,2016,10,568
Toyota,Innova,MUV,17.3,2016,10,6294
Toyota,Landcruiser,SUV,147,2016,10,4
Toyota,"Liva, Cross",Hatchback,5.68,2016,10,1398
Volkswagen,Polo,Hatchback,6.49,2016,10,1265
Volkswagen,Vento,Sedan,10,2016,10,1001
Datsun,Go,Hatchback,4.03,2016,11,612
Datsun,Go Plus,MUV,4.26,2016,11,332
Datsun,RediGo,Hatchback,3.98,2016,11,2043
Fiat,"Evo, Avventura",Hatchback,6.57,2016,11,232
Fiat,Linea,Sedan,7.19,2016,11,26
Ford,Aspire,Sedan,7.28,2016,11,1800
Ford,EcoSport,SUV,8.19,2016,11,4092
Ford,Endeavour,SUV,29.99,2016,11,562
Ford,Figo,Hatchback,5.82,2016,11,363
Ford,Mustang,Others,74.61,2016,11,59
Honda,Amaze,Sedan,6.38,2016,11,1971
Honda,Brio,Hatchback,4.73,2016,11,202
Honda,BRV,SUV,13.9,2016,11,419
Honda,City,Sedan,15.18,2016,11,2658
Honda,CRV,SUV,28.34,2016,11,21
Honda,Jazz,Hatchback,7.81,2016,11,2655
Hyundai,Creta,SUV,10.22,2016,11,6822
Hyundai,Elantra,Sedan,17.86,2016,11,264
Hyundai,Elite i20,Hatchback,5.57,2016,11,8917
Hyundai,Eon,Hatchback,3.33,2016,11,5658
Hyundai,Grand i10,Hatchback,5,2016,11,11059
Hyundai,Tucson,SUV,23,2016,11,261
Hyundai,Verna,Sedan,8,2016,11,931
Hyundai,Xcent,Sedan,6,2016,11,3623
Mahindra,Bolero,MUV,8.99,2016,11,4939
Mahindra,KUV100,Hatchback,6.19,2016,11,1183
Mahindra,Scorpio,SUV,13.18,2016,11,3099
Mahindra,TUV300,SUV,15,2016,11,1357
Mahindra,"Verito, Vibe",Sedan,10,2016,11,291
Mahindra,XUV500,SUV,13,2016,11,1069
Mahindra,Xylo,MUV,8.86,2016,11,360
Maruti Suzuki,Alto,Hatchback,3.25,2016,11,23320
Maruti Suzuki,Baleno,Hatchback,6.03,2016,11,11093
Maruti Suzuki,Celerio,Hatchback,5.14,2016,11,9543
Maruti Suzuki,Ciaz,Sedan,8.67,2016,11,5433
Maruti Suzuki,Dzire,Sedan,6.09,2016,11,17218
Maruti Suzuki,Ertiga,MUV,8.11,2016,11,5413
Maruti Suzuki,Gypsy,MUV,6.5,2016,11,104
Maruti Suzuki,Ignis,Hatchback,5.08,2016,11,
Maruti Suzuki,Omni,MUV,2.08,2016,11,6698
Maruti Suzuki,S-Cross,Hatchback,8.6,2016,11,1979
Maruti Suzuki,Swift,Hatchback,5.9,2016,11,14594
Maruti Suzuki,Vitara Brezza,SUV,7.68,2016,11,9719
Maruti Suzuki,WagonR,Hatchback,5.16,2016,11,15566
Maruti Suzuki,Еесо,MUV,4.53,2016,11,5540
Nissan,Micra,Hatchback,6.63,2016,11,589
Nissan,Sunny,Sedan,7.07,2016,11,158
Nissan,Terrano,SUV,10,2016,11,238
Renault,Kwid,Hatchback,4.24,2016,11,7847
Renault,Lodgy,MUV,8.63,2016,11,310
Skoda,Octavia,Sedan,26.29,2016,11,145
Skoda,Rapid,Sedan,11.99,2016,11,682
Skoda,Superb,Sedan,32.85,2016,11,33
Tata,Bolt,Hatchback,5.25,2016,11,418
Tata,Nano,Hatchback,2.05,2016,11,525
Tata,"Safari, Storme",SUV,11.09,2016,11,476
Tata,Sumo,MUV,5.26,2016,11,708
Tata,Tiago,Hatchback,5.19,2016,11,6008
Tata,Tigor,Sedan,5.79,2016,11,
Tata,Zest,Sedan,5.82,2016,11,2643
Tata,Hexa,MUV,13.69,2016,11,
Toyota,Camry,Sedan,41.7,2016,11,54
Toyota,Corolla,Sedan,16.46,2016,11,140
Toyota,Etios,Sedan,7.04,2016,11,3188
Toyota,Fortuner,SUV,31.38,2016,11,1924
Toyota,Innova,MUV,17.3,2016,11,4934
Toyota,Landcruiser,SUV,147,2016,11,3
Toyota,"Liva, Cross",Hatchback,5.68,2016,11,1063
Volkswagen,Polo,Hatchback,6.49,2016,11,1730
Volkswagen,Vento,Sedan,10,2016,11,632
Datsun,Go,Hatchback,4.03,2016,12,508
Datsun,Go Plus,MUV,4.26,2016,12,479
Datsun,RediGo,Hatchback,3.98,2016,12,1548
Fiat,"Evo, Avventura",Hatchback,6.57,2016,12,301
Fiat,Linea,Sedan,7.19,2016,12,75
Ford,Aspire,Sedan,7.28,2016,12,2713
Ford,EcoSport,SUV,8.19,2016,12,1560
Ford,Endeavour,SUV,29.99,2016,12,912
Ford,Figo,Hatchback,5.82,2016,12,352
Ford,Mustang,Others,74.61,2016,12,29
Honda,Amaze,Sedan,6.38,2016,12,3322
Honda,Brio,Hatchback,4.73,2016,12,443
Honda,BRV,SUV,13.9,2016,12,1601
Honda,City,Sedan,15.18,2016,12,2898
Honda,CRV,SUV,28.34,2016,12,55
Honda,Jazz,Hatchback,7.81,2016,12,1601
Hyundai,Creta,SUV,10.22,2016,12,6563
Hyundai,Elantra,Sedan,17.86,2016,12,212
Hyundai,Elite i20,Hatchback,5.57,2016,12,9803
Hyundai,Eon,Hatchback,3.33,2016,12,6790
Hyundai,Grand i10,Hatchback,5,2016,12,10519
Hyundai,Tucson,SUV,23,2016,12,424
Hyundai,Verna,Sedan,8,2016,12,864
Hyundai,Xcent,Sedan,6,2016,12,3993
Mahindra,Bolero,MUV,8.99,2016,12,5928
Mahindra,KUV100,Hatchback,6.19,2016,12,1953
Mahindra,Scorpio,SUV,13.18,2016,12,3556
Mahindra,TUV300,SUV,15,2016,12,1804
Mahindra,"Verito, Vibe",Sedan,10,2016,12,252
Mahindra,XUV500,SUV,13,2016,12,1689
Mahindra,Xylo,MUV,8.86,2016,12,451
Maruti Suzuki,Alto,Hatchback,3.25,2016,12,17351
Maruti Suzuki,Baleno,Hatchback,6.03,2016,12,9486
Maruti Suzuki,Celerio,Hatchback,5.14,2016,12,7189
Maruti Suzuki,Ciaz,Sedan,8.67,2016,12,3711
Maruti Suzuki,Dzire,Sedan,6.09,2016,12,14643
Maruti Suzuki,Ertiga,MUV,8.11,2016,12,5384
Maruti Suzuki,Gypsy,MUV,6.5,2016,12,133
Maruti Suzuki,Ignis,Hatchback,5.08,2016,12,
Maruti Suzuki,Omni,MUV,2.08,2016,12,4838
Maruti Suzuki,S-Cross,Hatchback,8.6,2016,12,1582
Maruti Suzuki,Swift,Hatchback,5.9,2016,12,14538
Maruti Suzuki,Vitara Brezza,SUV,7.68,2016,12,8971
Maruti Suzuki,WagonR,Hatchback,5.16,2016,12,14176
Maruti Suzuki,Еесо,MUV,4.53,2016,12,4386
Nissan,Micra,Hatchback,6.63,2016,12,730
Nissan,Sunny,Sedan,7.07,2016,12,170
Nissan,Terrano,SUV,10,2016,12,277
Renault,Kwid,Hatchback,4.24,2016,12,8797
Renault,Lodgy,MUV,8.63,2016,12,484
Skoda,Octavia,Sedan,26.29,2016,12,176
Skoda,Rapid,Sedan,11.99,2016,12,814
Skoda,Superb,Sedan,32.85,2016,12,52
Tata,Bolt,Hatchback,5.25,2016,12,483
Tata,Nano,Hatchback,2.05,2016,12,1004
Tata,"Safari, Storme",SUV,11.09,2016,12,556
Tata,Sumo,MUV,5.26,2016,12,639
Tata,Tiago,Hatchback,5.19,2016,12,4013
Tata,Tigor,Sedan,5.79,2016,12,
Tata,Zest,Sedan,5.82,2016,12,2279
Tata,Hexa,MUV,13.69,2016,12,
Toyota,Camry,Sedan,41.7,2016,12,23
Toyota,Corolla,Sedan,16.46,2016,12,158
Toyota,Etios,Sedan,7.04,2016,12,3137
Toyota,Fortuner,SUV,31.38,2016,12,1780
Toyota,Innova,MUV,17.3,2016,12,6552
Toyota,Landcruiser,SUV,147,2016,12,
Toyota,"Liva, Cross",Hatchback,5.68,2016,12,1096
Volkswagen,Polo,Hatchback,6.49,2016,12,1695
Volkswagen,Vento,Sedan,10,2016,12,680
Datsun,Go,Hatchback,4.03,2017,1,824
Datsun,Go Plus,MUV,4.26,2017,1,550
Datsun,RediGo,Hatchback,3.98,2017,1,1865
Fiat,"Evo, Avventura",Hatchback,6.57,2017,1,225
Fiat,Linea,Sedan,7.19,2017,1,57
Ford,Aspire,Sedan,7.28,2017,1,2470
Ford,EcoSport,SUV,8.19,2017,1,3761
Ford,Endeavour,SUV,29.99,2017,1,455
Ford,Figo,Hatchback,5.82,2017,1,1264
Ford,Mustang,Others,74.61,2017,1,45
Honda,Amaze,Sedan,6.38,2017,1,3911
Honda,Brio,Hatchback,4.73,2017,1,627
Honda,BRV,SUV,13.9,2017,1,1458
Honda,City,Sedan,15.18,2017,1,6355
Honda,CRV,SUV,28.34,2017,1,54
Honda,Jazz,Hatchback,7.81,2017,1,3124
Honda,WRV,SUV,8.82,2017,1,
Hyundai,Creta,SUV,10.22,2017,1,7918
Hyundai,Elantra,Sedan,17.86,2017,1,184
Hyundai,Elite i20,Hatchback,5.57,2017,1,11460
Hyundai,Eon,Hatchback,3.33,2017,1,5047
Hyundai,Grand i10,Hatchback,5,2017,1,13010
Hyundai,Tucson,SUV,23,2017,1,148
Hyundai,Verna,Sedan,8,2017,1,897
Hyundai,Xcent,Sedan,6,2017,1,3351
Mahindra,Bolero,MUV,8.99,2017,1,6598
Mahindra,KUV100,Hatchback,6.19,2017,1,2695
Mahindra,Scorpio,SUV,13.18,2017,1,4387
Mahindra,TUV300,SUV,15,2017,1,2408
Mahindra,"Verito, Vibe",Sedan,10,2017,1,339
Mahindra,XUV500,SUV,13,2017,1,2144
Mahindra,Xylo,MUV,8.86,2017,1,508
Maruti Suzuki,Alto,Hatchback,3.25,2017,1,22998
Maruti Suzuki,Baleno,Hatchback,6.03,2017,1,10476
Maruti Suzuki,Celerio,Hatchback,5.14,2017,1,10879
Maruti Suzuki,Ciaz,Sedan,8.67,2017,1,6530
Maruti Suzuki,Dzire,Sedan,6.09,2017,1,18088
Maruti Suzuki,Ertiga,MUV,8.11,2017,1,5198
Maruti Suzuki,Gypsy,MUV,6.5,2017,1,74
Maruti Suzuki,Ignis,Hatchback,5.08,2017,1,4830
Maruti Suzuki,Omni,MUV,2.08,2017,1,8723
Maruti Suzuki,S-Cross,Hatchback,8.6,2017,1,2109
Maruti Suzuki,Swift,Hatchback,5.9,2017,1,14545
Maruti Suzuki,Vitara Brezza,SUV,7.68,2017,1,8932
Maruti Suzuki,WagonR,Hatchback,5.16,2017,1,14930
Maruti Suzuki,Еесо,MUV,4.53,2017,1,5456
Nissan,Micra,Hatchback,6.63,2017,1,743
Nissan,Sunny,Sedan,7.07,2017,1,104
Nissan,Terrano,SUV,10,2017,1,256
Renault,Kwid,Hatchback,4.24,2017,1,6924
Renault,Lodgy,MUV,8.63,2017,1,456
Skoda,Octavia,Sedan,26.29,2017,1,164
Skoda,Rapid,Sedan,11.99,2017,1,959
Skoda,Superb,Sedan,32.85,2017,1,97
Tata,Bolt,Hatchback,5.25,2017,1,536
Tata,Nano,Hatchback,2.05,2017,1,391
Tata,"Safari, Storme",SUV,11.09,2017,1,251
Tata,Sumo,MUV,5.26,2017,1,558
Tata,Tiago,Hatchback,5.19,2017,1,5399
Tata,Tigor,Sedan,5.79,2017,1,
Tata,Zest,Sedan,5.82,2017,1,2615
Tata,Hexa,MUV,13.69,2017,1,1498
Toyota,Camry,Sedan,41.7,2017,1,120
Toyota,Corolla,Sedan,16.46,2017,1,153
Toyota,Etios,Sedan,7.04,2017,1,2189
Toyota,Fortuner,SUV,31.38,2017,1,1954
Toyota,Innova,MUV,17.3,2017,1,5013
Toyota,Landcruiser,SUV,147,2017,1,
Toyota,"Liva, Cross",Hatchback,5.68,2017,1,906
Volkswagen,Polo,Hatchback,6.49,2017,1,1606
Volkswagen,Vento,Sedan,10,2017,1,543
Datsun,Go,Hatchback,4.03,2017,2,702
Datsun,Go Plus,MUV,4.26,2017,2,503
Datsun,RediGo,Hatchback,3.98,2017,2,2404
Fiat,"Evo, Avventura",Hatchback,6.57,2017,2,244
Fiat,Linea,Sedan,7.19,2017,2,65
Ford,Aspire,Sedan,7.28,2017,2,1926
Ford,EcoSport,SUV,8.19,2017,2,4561
Ford,Endeavour,SUV,29.99,2017,2,356
Ford,Figo,Hatchback,5.82,2017,2,1488
Ford,Mustang,Others,74.61,2017,2,7
Honda,Amaze,Sedan,6.38,2017,2,3924
Honda,Brio,Hatchback,4.73,2017,2,521
Honda,BRV,SUV,13.9,2017,2,703
Honda,City,Sedan,15.18,2017,2,6318
Honda,CRV,SUV,28.34,2017,2,25
Honda,Jazz,Hatchback,7.81,2017,2,2758
Honda,WRV,SUV,8.82,2017,2,316
Hyundai,Creta,SUV,10.22,2017,2,9002
Hyundai,Elantra,Sedan,17.86,2017,2,217
Hyundai,Elite i20,Hatchback,5.57,2017,2,10414
Hyundai,Eon,Hatchback,3.33,2017,2,5500
Hyundai,Grand i10,Hatchback,5,2017,2,12862
Hyundai,Tucson,SUV,23,2017,2,161
Hyundai,Verna,Sedan,8,2017,2,808
Hyundai,Xcent,Sedan,6,2017,2,3348
Mahindra,Bolero,MUV,8.99,2017,2,6442
Mahindra,KUV100,Hatchback,6.19,2017,2,2926
Mahindra,Scorpio,SUV,13.18,2017,2,4611
Mahindra,TUV300,SUV,15,2017,2,2349
Mahindra,"Verito, Vibe",Sedan,10,2017,2,97
Mahindra,XUV500,SUV,13,2017,2,2190
Mahindra,Xylo,MUV,8.86,2017,2,314
Maruti Suzuki,Alto,Hatchback,3.25,2017,2,19524
Maruti Suzuki,Baleno,Hatchback,6.03,2017,2,7658
Maruti Suzuki,Celerio,Hatchback,5.14,2017,2,8315
Maruti Suzuki,Ciaz,Sedan,8.67,2017,2,5886
Maruti Suzuki,Dzire,Sedan,6.09,2017,2,16613
Maruti Suzuki,Ertiga,MUV,8.11,2017,2,5505
Maruti Suzuki,Gypsy,MUV,6.5,2017,2,106
Maruti Suzuki,Ignis,Hatchback,5.08,2017,2,4662
Maruti Suzuki,Omni,MUV,2.08,2017,2,7809
Maruti Suzuki,S-Cross,Hatchback,8.6,2017,2,2206
Maruti Suzuki,Swift,Hatchback,5.9,2017,2,12328
Maruti Suzuki,Vitara Brezza,SUV,7.68,2017,2,10046
Maruti Suzuki,WagonR,Hatchback,5.16,2017,2,13555
Maruti Suzuki,Еесо,MUV,4.53,2017,2,6386
Nissan,Micra,Hatchback,6.63,2017,2,793
Nissan,Sunny,Sedan,7.07,2017,2,282
Nissan,Terrano,SUV,10,2017,2,123
Renault,Kwid,Hatchback,4.24,2017,2,9648
Renault,Lodgy,MUV,8.63,2017,2,320
Skoda,Octavia,Sedan,26.29,2017,2,193
Skoda,Rapid,Sedan,11.99,2017,2,921
Skoda,Superb,Sedan,32.85,2017,2,92
Tata,Bolt,Hatchback,5.25,2017,2,356
Tata,Nano,Hatchback,2.05,2017,2,312
Tata,"Safari, Storme",SUV,11.09,2017,2,399
Tata,Sumo,MUV,5.26,2017,2,880
Tata,Tiago,Hatchback,5.19,2017,2,5365
Tata,Tigor,Sedan,5.79,2017,2,
Tata,Zest,Sedan,5.82,2017,2,2596
Tata,Hexa,MUV,13.69,2017,2,1026
Toyota,Camry,Sedan,41.7,2017,2,113
Toyota,Corolla,Sedan,16.46,2017,2,70
Toyota,Etios,Sedan,7.04,2017,2,2273
Toyota,Fortuner,SUV,31.38,2017,2,2027
Toyota,Innova,MUV,17.3,2017,2,6054
Toyota,Landcruiser,SUV,147,2017,2,9
Toyota,"Liva, Cross",Hatchback,5.68,2017,2,995
Volkswagen,Polo,Hatchback,6.49,2017,2,1588
Volkswagen,Vento,Sedan,10,2017,2,630
Datsun,Go,Hatchback,4.03,2017,3,707
Datsun,Go Plus,MUV,4.26,2017,3,465
Datsun,RediGo,Hatchback,3.98,2017,3,2969
Fiat,"Evo, Avventura",Hatchback,6.57,2017,3,311
Fiat,Linea,Sedan,7.19,2017,3,38
Ford,Aspire,Sedan,7.28,2017,3,2481
Ford,EcoSport,SUV,8.19,2017,3,4662
Ford,Endeavour,SUV,29.99,2017,3,390
Ford,Figo,Hatchback,5.82,2017,3,1126
Ford,Mustang,Others,74.61,2017,3,41
Honda,Amaze,Sedan,6.38,2017,3,3296
Honda,Brio,Hatchback,4.73,2017,3,540
Honda,BRV,SUV,13.9,2017,3,1436
Honda,City,Sedan,15.18,2017,3,6271
Honda,CRV,SUV,28.34,2017,3,19
Honda,Jazz,Hatchback,7.81,2017,3,3527
Honda,WRV,SUV,8.82,2017,3,3833
Hyundai,Creta,SUV,10.22,2017,3,10001
Hyundai,Elantra,Sedan,17.86,2017,3,247
Hyundai,Elite i20,Hatchback,5.57,2017,3,12394
Hyundai,Eon,Hatchback,3.33,2017,3,5747
Hyundai,Grand i10,Hatchback,5,2017,3,12545
Hyundai,Tucson,SUV,23,2017,3,146
Hyundai,Verna,Sedan,8,2017,3,870
Hyundai,Xcent,Sedan,6,2017,3,2786
Mahindra,Bolero,MUV,8.99,2017,3,8681
Mahindra,KUV100,Hatchback,6.19,2017,3,2972
Mahindra,Scorpio,SUV,13.18,2017,3,5157
Mahindra,TUV300,SUV,15,2017,3,2440
Mahindra,"Verito, Vibe",Sedan,10,2017,3,48
Mahindra,XUV500,SUV,13,2017,3,2663
Mahindra,Xylo,MUV,8.86,2017,3,1018
Maruti Suzuki,Alto,Hatchback,3.25,2017,3,18868
Maruti Suzuki,Baleno,Hatchback,6.03,2017,3,16426
Maruti Suzuki,Celerio,Hatchback,5.14,2017,3,8823
Maruti Suzuki,Ciaz,Sedan,8.67,2017,3,4918
Maruti Suzuki,Dzire,Sedan,6.09,2017,3,15894
Maruti Suzuki,Ertiga,MUV,8.11,2017,3,5937
Maruti Suzuki,Gypsy,MUV,6.5,2017,3,229
Maruti Suzuki,Ignis,Hatchback,5.08,2017,3,5209
Maruti Suzuki,Omni,MUV,2.08,2017,3,6103
Maruti Suzuki,S-Cross,Hatchback,8.6,2017,3,2088
Maruti Suzuki,Swift,Hatchback,5.9,2017,3,15513
Maruti Suzuki,Vitara Brezza,SUV,7.68,2017,3,10057
Maruti Suzuki,WagonR,Hatchback,5.16,2017,3,12105
Maruti Suzuki,Еесо,MUV,4.53,2017,3,5525
Nissan,Micra,Hatchback,6.63,2017,3,651
Nissan,Sunny,Sedan,7.07,2017,3,297
Nissan,Terrano,SUV,10,2017,3,220
Renault,Kwid,Hatchback,4.24,2017,3,10296
Renault,Lodgy,MUV,8.63,2017,3,249
Skoda,Octavia,Sedan,26.29,2017,3,237
Skoda,Rapid,Sedan,11.99,2017,3,1274
Skoda,Superb,Sedan,32.85,2017,3,184
Tata,Bolt,Hatchback,5.25,2017,3,457
Tata,Nano,Hatchback,2.05,2017,3,174
Tata,"Safari, Storme",SUV,11.09,2017,3,440
Tata,Sumo,MUV,5.26,2017,3,1021
Tata,Tiago,Hatchback,5.19,2017,3,4619
Tata,Tigor,Sedan,5.79,2017,3,3011
Tata,Zest,Sedan,5.82,2017,3,2548
Tata,Hexa,MUV,13.69,2017,3,940
Toyota,Camry,Sedan,41.7,2017,3,119
Toyota,Corolla,Sedan,16.46,2017,3,421
Toyota,Etios,Sedan,7.04,2017,3,2611
Toyota,Fortuner,SUV,31.38,2017,3,2060
Toyota,Innova,MUV,17.3,2017,3,7252
Toyota,Landcruiser,SUV,147,2017,3,32
Toyota,"Liva, Cross",Hatchback,5.68,2017,3,1299
Volkswagen,Polo,Hatchback,6.49,2017,3,1347
Volkswagen,Vento,Sedan,10,2017,3,1432
Datsun,Go,Hatchback,4.03,2017,4,607
Datsun,Go Plus,MUV,4.26,2017,4,497
Datsun,RediGo,Hatchback,3.98,2017,4,1972
Fiat,"Evo, Avventura",Hatchback,6.57,2017,4,236
Fiat,Linea,Sedan,7.19,2017,4,44
Ford,Aspire,Sedan,7.28,2017,4,1961
Ford,EcoSport,SUV,8.19,2017,4,3924
Ford,Endeavour,SUV,29.99,2017,4,632
Ford,Figo,Hatchback,5.82,2017,4,1092
Ford,Mustang,Others,74.61,2017,4,6
Honda,Amaze,Sedan,6.38,2017,4,2029
Honda,Brio,Hatchback,4.73,2017,4,438
Honda,BRV,SUV,13.9,2017,4,701
Honda,City,Sedan,15.18,2017,4,5948
Honda,CRV,SUV,28.34,2017,4,36
Honda,Jazz,Hatchback,7.81,2017,4,2061
Honda,WRV,SUV,8.82,2017,4,3266
Hyundai,Creta,SUV,10.22,2017,4,9213
Hyundai,Elantra,Sedan,17.86,2017,4,227
Hyundai,Elite i20,Hatchback,5.57,2017,4,12668
Hyundai,Eon,Hatchback,3.33,2017,4,5379
Hyundai,Grand i10,Hatchback,5,2017,4,12001
Hyundai,Tucson,SUV,23,2017,4,121
Hyundai,Verna,Sedan,8,2017,4,682
Hyundai,Xcent,Sedan,6,2017,4,4446
Mahindra,Bolero,MUV,8.99,2017,4,6358
Mahindra,KUV100,Hatchback,6.19,2017,4,2141
Mahindra,Scorpio,SUV,13.18,2017,4,4489
Mahindra,TUV300,SUV,15,2017,4,1988
Mahindra,"Verito, Vibe",Sedan,10,2017,4,16
Mahindra,XUV500,SUV,13,2017,4,1999
Mahindra,Xylo,MUV,8.86,2017,4,746
Maruti Suzuki,Alto,Hatchback,3.25,2017,4,22549
Maruti Suzuki,Baleno,Hatchback,6.03,2017,4,17530
Maruti Suzuki,Celerio,Hatchback,5.14,2017,4,8425
Maruti Suzuki,Ciaz,Sedan,8.67,2017,4,7024
Maruti Suzuki,Dzire,Sedan,6.09,2017,4,8797
Maruti Suzuki,Ertiga,MUV,8.11,2017,4,6742
Maruti Suzuki,Gypsy,MUV,6.5,2017,4,567
Maruti Suzuki,Ignis,Hatchback,5.08,2017,4,5030
Maruti Suzuki,Omni,MUV,2.08,2017,4,7628
Maruti Suzuki,S-Cross,Hatchback,8.6,2017,4,2676
Maruti Suzuki,Swift,Hatchback,5.9,2017,4,23802
Maruti Suzuki,Vitara Brezza,SUV,7.68,2017,4,10653
Maruti Suzuki,WagonR,Hatchback,5.16,2017,4,16348
Maruti Suzuki,Еесо,MUV,4.53,2017,4,6310
Nissan,Micra,Hatchback,6.63,2017,4,596
Nissan,Sunny,Sedan,7.07,2017,4,105
Nissan,Terrano,SUV,10,2017,4,440
Renault,Kwid,Hatchback,4.24,2017,4,7956
Renault,Lodgy,MUV,8.63,2017,4,240
Skoda,Octavia,Sedan,26.29,2017,4,155
Skoda,Rapid,Sedan,11.99,2017,4,1077
Skoda,Superb,Sedan,32.85,2017,4,140
Tata,Bolt,Hatchback,5.25,2017,4,475
Tata,Nano,Hatchback,2.05,2017,4,350
Tata,"Safari, Storme",SUV,11.09,2017,4,345
Tata,Sumo,MUV,5.26,2017,4,49
Tata,Tiago,Hatchback,5.19,2017,4,4115
Tata,Tigor,Sedan,5.79,2017,4,3638
Tata,Zest,Sedan,5.82,2017,4,1985
Tata,Hexa,MUV,13.69,2017,4,1213
Toyota,Camry,Sedan,41.7,2017,4,113
Toyota,Corolla,Sedan,16.46,2017,4,724
Toyota,Etios,Sedan,7.04,2017,4,2196
Toyota,Fortuner,SUV,31.38,2017,4,2226
Toyota,Innova,MUV,17.3,2017,4,6589
Toyota,Landcruiser,SUV,147,2017,4,18
Toyota,"Liva, Cross",Hatchback,5.68,2017,4,1098
Volkswagen,Polo,Hatchback,6.49,2017,4,1837
Volkswagen,Vento,Sedan,10,2017,4,564
Datsun,Go,Hatchback,4.03,2017,5,430
Datsun,Go Plus,MUV,4.26,2017,5,425
Datsun,RediGo,Hatchback,3.98,2017,5,1689
Fiat,"Evo, Avventura",Hatchback,6.57,2017,5,280
Fiat,Linea,Sedan,7.19,2017,5,58
Ford,Aspire,Sedan,7.28,2017,5,1669
Ford,EcoSport,SUV,8.19,2017,5,3565
Ford,Endeavour,SUV,29.99,2017,5,335
Ford,Figo,Hatchback,5.82,2017,5,1164
Ford,Mustang,Others,74.61,2017,5,9
Honda,Amaze,Sedan,6.38,2017,5,1323
Honda,Brio,Hatchback,4.73,2017,5,378
Honda,BRV,SUV,13.9,2017,5,870
Honda,City,Sedan,15.18,2017,5,4046
Honda,CRV,SUV,28.34,2017,5,29
Honda,Jazz,Hatchback,7.81,2017,5,1818
Honda,WRV,SUV,8.82,2017,5,2814
Hyundai,Creta,SUV,10.22,2017,5,8377
Hyundai,Elantra,Sedan,17.86,2017,5,189
Hyundai,Elite i20,Hatchback,5.57,2017,5,10667
Hyundai,Eon,Hatchback,3.33,2017,5,5330
Hyundai,Grand i10,Hatchback,5,2017,5,12984
Hyundai,Tucson,SUV,23,2017,5,86
Hyundai,Verna,Sedan,8,2017,5,563
Hyundai,Xcent,Sedan,6,2017,5,3804
Mahindra,Bolero,MUV,8.99,2017,5,6832
Mahindra,KUV100,Hatchback,6.19,2017,5,1989
Mahindra,Scorpio,SUV,13.18,2017,5,4730
Mahindra,TUV300,SUV,15,2017,5,2341
Mahindra,"Verito, Vibe",Sedan,10,2017,5,9
Mahindra,XUV500,SUV,13,2017,5,2093
Mahindra,Xylo,MUV,8.86,2017,5,681
Maruti Suzuki,Alto,Hatchback,3.25,2017,5,23618
Maruti Suzuki,Baleno,Hatchback,6.03,2017,5,14629
Maruti Suzuki,Celerio,Hatchback,5.14,2017,5,6142
Maruti Suzuki,Ciaz,Sedan,8.67,2017,5,4724
Maruti Suzuki,Dzire,Sedan,6.09,2017,5,9413
Maruti Suzuki,Ertiga,MUV,8.11,2017,5,7121
Maruti Suzuki,Gypsy,MUV,6.5,2017,5,863
Maruti Suzuki,Ignis,Hatchback,5.08,2017,5,4518
Maruti Suzuki,Omni,MUV,2.08,2017,5,6835
Maruti Suzuki,S-Cross,Hatchback,8.6,2017,5,2249
Maruti Suzuki,Swift,Hatchback,5.9,2017,5,16532
Maruti Suzuki,Vitara Brezza,SUV,7.68,2017,5,12375
Maruti Suzuki,WagonR,Hatchback,5.16,2017,5,15471
Maruti Suzuki,Еесо,MUV,4.53,2017,5,5758
Nissan,Micra,Hatchback,6.63,2017,5,570
Nissan,Sunny,Sedan,7.07,2017,5,202
Nissan,Terrano,SUV,10,2017,5,391
Renault,Kwid,Hatchback,4.24,2017,5,6990
Renault,Lodgy,MUV,8.63,2017,5,207
Skoda,Octavia,Sedan,26.29,2017,5,127
Skoda,Rapid,Sedan,11.99,2017,5,851
Skoda,Superb,Sedan,32.85,2017,5,86
Tata,Bolt,Hatchback,5.25,2017,5,260
Tata,Nano,Hatchback,2.05,2017,5,355
Tata,"Safari, Storme",SUV,11.09,2017,5,240
Tata,Sumo,MUV,5.26,2017,5,94
Tata,Tiago,Hatchback,5.19,2017,5,4901
Tata,Tigor,Sedan,5.79,2017,5,2344
Tata,Zest,Sedan,5.82,2017,5,1356
Tata,Hexa,MUV,13.69,2017,5,727
Toyota,Camry,Sedan,41.7,2017,5,119
Toyota,Corolla,Sedan,16.46,2017,5,543
Toyota,Etios,Sedan,7.04,2017,5,1530
Toyota,Fortuner,SUV,31.38,2017,5,1961
Toyota,Innova,MUV,17.3,2017,5,5643
Toyota,Landcruiser,SUV,147,2017,5,14
Toyota,"Liva, Cross",Hatchback,5.68,2017,5,1103
Volkswagen,Polo,Hatchback,6.49,2017,5,1658
Volkswagen,Vento,Sedan,10,2017,5,530
Datsun,Go,Hatchback,4.03,2017,6,594
Datsun,Go Plus,MUV,4.26,2017,6,522
Datsun,RediGo,Hatchback,3.98,2017,6,2261
Fiat,"Evo, Avventura",Hatchback,6.57,2017,6,167
Fiat,Linea,Sedan,7.19,2017,6,39
Ford,Aspire,Sedan,7.28,2017,6,1669
Ford,EcoSport,SUV,8.19,2017,6,3565
Ford,Endeavour,SUV,29.99,2017,6,335
Ford,Figo,Hatchback,5.82,2017,6,1164
Ford,Mustang,Others,74.61,2017,6,9
Honda,Amaze,Sedan,6.38,2017,6,1193
Honda,Brio,Hatchback,4.73,2017,6,283
Honda,BRV,SUV,13.9,2017,6,567
Honda,City,Sedan,15.18,2017,6,5187
Honda,CRV,SUV,28.34,2017,6,24
Honda,Jazz,Hatchback,7.81,2017,6,1307
Honda,WRV,SUV,8.82,2017,6,4243
Hyundai,Creta,SUV,10.22,2017,6,6436
Hyundai,Elantra,Sedan,17.86,2017,6,159
Hyundai,Elite i20,Hatchback,5.57,2017,6,10609
Hyundai,Eon,Hatchback,3.33,2017,6,4231
Hyundai,Grand i10,Hatchback,5,2017,6,12317
Hyundai,Tucson,SUV,23,2017,6,56
Hyundai,Verna,Sedan,8,2017,6,326
Hyundai,Xcent,Sedan,6,2017,6,3425
Mahindra,Bolero,MUV,8.99,2017,6,6290
Mahindra,KUV100,Hatchback,6.19,2017,6,1449
Mahindra,Scorpio,SUV,13.18,2017,6,3279
Mahindra,TUV300,SUV,15,2017,6,2121
Mahindra,"Verito, Vibe",Sedan,10,2017,6,4
Mahindra,XUV500,SUV,13,2017,6,1598
Mahindra,Xylo,MUV,8.86,2017,6,264
Maruti Suzuki,Alto,Hatchback,3.25,2017,6,14856
Maruti Suzuki,Baleno,Hatchback,6.03,2017,6,9057
Maruti Suzuki,Celerio,Hatchback,5.14,2017,6,6375
Maruti Suzuki,Ciaz,Sedan,8.67,2017,6,3950
Maruti Suzuki,Dzire,Sedan,6.09,2017,6,12049
Maruti Suzuki,Ertiga,MUV,8.11,2017,6,4895
Maruti Suzuki,Gypsy,MUV,6.5,2017,6,463
Maruti Suzuki,Ignis,Hatchback,5.08,2017,6,3113
Maruti Suzuki,Omni,MUV,2.08,2017,6,4685
Maruti Suzuki,S-Cross,Hatchback,8.6,2017,6,228
Maruti Suzuki,Swift,Hatchback,5.9,2017,6,9902
Maruti Suzuki,Vitara Brezza,SUV,7.68,2017,6,8293
Maruti Suzuki,WagonR,Hatchback,5.16,2017,6,10668
Maruti Suzuki,Еесо,MUV,4.53,2017,6,4523
Nissan,Micra,Hatchback,6.63,2017,6,727
Nissan,Sunny,Sedan,7.07,2017,6,191
Nissan,Terrano,SUV,10,2017,6,286
Renault,Kwid,Hatchback,4.24,2017,6,5439
Renault,Lodgy,MUV,8.63,2017,6,168
Skoda,Octavia,Sedan,26.29,2017,6,69
Skoda,Rapid,Sedan,11.99,2017,6,871
Skoda,Superb,Sedan,32.85,2017,6,78
Tata,Bolt,Hatchback,5.25,2017,6,208
Tata,Nano,Hatchback,2.05,2017,6,167
Tata,"Safari, Storme",SUV,11.09,2017,6,216
Tata,Sumo,MUV,5.26,2017,6,425
Tata,Tiago,Hatchback,5.19,2017,6,5438
Tata,Tigor,Sedan,5.79,2017,6,2163
Tata,Zest,Sedan,5.82,2017,6,1595
Tata,Hexa,MUV,13.69,2017,6,550
Toyota,Camry,Sedan,41.7,2017,6,78
Toyota,Corolla,Sedan,16.46,2017,6,42
Toyota,Etios,Sedan,7.04,2017,6,195
Toyota,Fortuner,SUV,31.38,2017,6,356
Toyota,Innova,MUV,17.3,2017,6,1068
Toyota,Landcruiser,SUV,147,2017,6,5
Toyota,"Liva, Cross",Hatchback,5.68,2017,6,228
Volkswagen,Polo,Hatchback,6.49,2017,6,1827
Volkswagen,Vento,Sedan,10,2017,6,582
Datsun,Go,Hatchback,4.03,2017,7,404
Datsun,Go Plus,MUV,4.26,2017,7,386
Datsun,RediGo,Hatchback,3.98,2017,7,2688
Fiat,"Evo, Avventura",Hatchback,6.57,2017,7,135
Fiat,Linea,Sedan,7.19,2017,7,38
Ford,Aspire,Sedan,7.28,2017,7,2074
Ford,EcoSport,SUV,8.19,2017,7,4375
Ford,Endeavour,SUV,29.99,2017,7,1030
Ford,Figo,Hatchback,5.82,2017,7,931
Ford,Mustang,Others,74.61,2017,7,8
Honda,Amaze,Sedan,6.38,2017,7,2913
Honda,Brio,Hatchback,4.73,2017,7,396
Honda,BRV,SUV,13.9,2017,7,1042
Honda,City,Sedan,15.18,2017,7,4854
Honda,CRV,SUV,28.34,2017,7,15
Honda,Jazz,Hatchback,7.81,2017,7,2971
Honda,WRV,SUV,8.82,2017,7,4894
Hyundai,Creta,SUV,10.22,2017,7,10556
Hyundai,Elantra,Sedan,17.86,2017,7,158
Hyundai,Elite i20,Hatchback,5.57,2017,7,11390
Hyundai,Eon,Hatchback,3.33,2017,7,4032
Hyundai,Grand i10,Hatchback,5,2017,7,12002
Hyundai,Tucson,SUV,23,2017,7,116
Hyundai,Verna,Sedan,8,2017,7,520
Hyundai,Xcent,Sedan,6,2017,7,4219
Mahindra,Bolero,MUV,8.99,2017,7,6597
Mahindra,KUV100,Hatchback,6.19,2017,7,1889
Mahindra,Scorpio,SUV,13.18,2017,7,4389
Mahindra,TUV300,SUV,15,2017,7,2384
Mahindra,"Verito, Vibe",Sedan,10,2017,7,34
Mahindra,XUV500,SUV,13,2017,7,2282
Mahindra,Xylo,MUV,8.86,2017,7,724
Maruti Suzuki,Alto,Hatchback,3.25,2017,7,26009
Maruti Suzuki,Baleno,Hatchback,6.03,2017,7,19153
Maruti Suzuki,Celerio,Hatchback,5.14,2017,7,11087
Maruti Suzuki,Ciaz,Sedan,8.67,2017,7,6377
Maruti Suzuki,Dzire,Sedan,6.09,2017,7,14703
Maruti Suzuki,Ertiga,MUV,8.11,2017,7,7458
Maruti Suzuki,Gypsy,MUV,6.5,2017,7,185
Maruti Suzuki,Ignis,Hatchback,5.08,2017,7,4435
Maruti Suzuki,Omni,MUV,2.08,2017,7,8714
Maruti Suzuki,S-Cross,Hatchback,8.6,2017,7,2895
Maruti Suzuki,Swift,Hatchback,5.9,2017,7,13738
Maruti Suzuki,Vitara Brezza,SUV,7.68,2017,7,15243
Maruti Suzuki,WagonR,Hatchback,5.16,2017,7,16301
Maruti Suzuki,Еесо,MUV,4.53,2017,7,7000
Nissan,Micra,Hatchback,6.63,2017,7,457
Nissan,Sunny,Sedan,7.07,2017,7,167
Nissan,Terrano,SUV,10,2017,7,257
Renault,Kwid,Hatchback,4.24,2017,7,7471
Renault,Lodgy,MUV,8.63,2017,7,280
Skoda,Octavia,Sedan,26.29,2017,7,457
Skoda,Rapid,Sedan,11.99,2017,7,790
Skoda,Superb,Sedan,32.85,2017,7,170
Tata,Bolt,Hatchback,5.25,2017,7,351
Tata,Nano,Hatchback,2.05,2017,7,260
Tata,"Safari, Storme",SUV,11.09,2017,7,476
Tata,Sumo,MUV,5.26,2017,7,768
Tata,Tiago,Hatchback,5.19,2017,7,6274
Tata,Tigor,Sedan,5.79,2017,7,1967
Tata,Zest,Sedan,5.82,2017,7,2389
Tata,Hexa,MUV,13.69,2017,7,1564
Toyota,Camry,Sedan,41.7,2017,7,20
Toyota,Corolla,Sedan,16.46,2017,7,401
Toyota,Etios,Sedan,7.04,2017,7,2738
Toyota,Fortuner,SUV,31.38,2017,7,3444
Toyota,Innova,MUV,17.3,2017,7,9369
Toyota,Landcruiser,SUV,147,2017,7,16
Toyota,"Liva, Cross",Hatchback,5.68,2017,7,1767
Volkswagen,Polo,Hatchback,6.49,2017,7,2056
Volkswagen,Vento,Sedan,10,2017,7,648
Datsun,Go,Hatchback,4.03,2017,8,482
Datsun,Go Plus,MUV,4.26,2017,8,501
Datsun,RediGo,Hatchback,3.98,2017,8,2718
Fiat,"Evo, Avventura",Hatchback,6.57,2017,8,189
Fiat,Linea,Sedan,7.19,2017,8,49
Ford,Aspire,Sedan,7.28,2017,8,1392
Ford,EcoSport,SUV,8.19,2017,8,4444
Ford,Endeavour,SUV,29.99,2017,8,1163
Ford,Figo,Hatchback,5.82,2017,8,775
Ford,Mustang,Others,74.61,2017,8,3
Honda,Amaze,Sedan,6.38,2017,8,1928
Honda,Brio,Hatchback,4.73,2017,8,640
Honda,BRV,SUV,13.9,2017,8,1247
Honda,City,Sedan,15.18,2017,8,5538
Honda,CRV,SUV,28.34,2017,8,55
Honda,Jazz,Hatchback,7.81,2017,8,2747
Honda,WRV,SUV,8.82,2017,8,5200
Hyundai,Creta,SUV,10.22,2017,8,10158
Hyundai,Elantra,Sedan,17.86,2017,8,251
Hyundai,Elite i20,Hatchback,5.57,2017,8,11832
Hyundai,Eon,Hatchback,3.33,2017,8,4058
Hyundai,Grand i10,Hatchback,5,2017,8,12306
Hyundai,Tucson,SUV,23,2017,8,251
Hyundai,Verna,Sedan,8,2017,8,4779
Hyundai,Xcent,Sedan,6,2017,8,3467
Mahindra,Bolero,MUV,8.99,2017,8,6215
Mahindra,KUV100,Hatchback,6.19,2017,8,1074
Mahindra,Scorpio,SUV,13.18,2017,8,4386
Mahindra,TUV300,SUV,15,2017,8,2249
Mahindra,"Verito, Vibe",Sedan,10,2017,8,62
Mahindra,XUV500,SUV,13,2017,8,2969
Mahindra,Xylo,MUV,8.86,2017,8,634
Maruti Suzuki,Alto,Hatchback,3.25,2017,8,21521
Maruti Suzuki,Baleno,Hatchback,6.03,2017,8,17190
Maruti Suzuki,Celerio,Hatchback,5.14,2017,8,9210
Maruti Suzuki,Ciaz,Sedan,8.67,2017,8,6457
Maruti Suzuki,Dzire,Sedan,6.09,2017,8,30934
Maruti Suzuki,Ertiga,MUV,8.11,2017,8,6076
Maruti Suzuki,Gypsy,MUV,6.5,2017,8,922
Maruti Suzuki,Ignis,Hatchback,5.08,2017,8,4047
Maruti Suzuki,Omni,MUV,2.08,2017,8,7727
Maruti Suzuki,S-Cross,Hatchback,8.6,2017,8,48
Maruti Suzuki,Swift,Hatchback,5.9,2017,8,12631
Maruti Suzuki,Vitara Brezza,SUV,7.68,2017,8,14396
Maruti Suzuki,WagonR,Hatchback,5.16,2017,8,13907
Maruti Suzuki,Еесо,MUV,4.53,2017,8,6204
Nissan,Micra,Hatchback,6.63,2017,8,557
Nissan,Sunny,Sedan,7.07,2017,8,196
Nissan,Terrano,SUV,10,2017,8,325
Renault,Kwid,Hatchback,4.24,2017,8,7802
Renault,Lodgy,MUV,8.63,2017,8,381
Skoda,Octavia,Sedan,26.29,2017,8,354
Skoda,Rapid,Sedan,11.99,2017,8,1035
Skoda,Superb,Sedan,32.85,2017,8,367
Tata,Bolt,Hatchback,5.25,2017,8,231
Tata,Nano,Hatchback,2.05,2017,8,180
Tata,"Safari, Storme",SUV,11.09,2017,8,456
Tata,Sumo,MUV,5.26,2017,8,707
Tata,Tiago,Hatchback,5.19,2017,8,7036
Tata,Tigor,Sedan,5.79,2017,8,2103
Tata,Zest,Sedan,5.82,2017,8,1743
Tata,Hexa,MUV,13.69,2017,8,1712
Toyota,Camry,Sedan,41.7,2017,8,35
Toyota,Corolla,Sedan,16.46,2017,8,584
Toyota,Etios,Sedan,7.04,2017,8,2025
Toyota,Fortuner,SUV,31.38,2017,8,2116
Toyota,Innova,MUV,17.3,2017,8,5963
Toyota,Landcruiser,SUV,147,2017,8,25
Toyota,"Liva, Cross",Hatchback,5.68,2017,8,1266
Volkswagen,Polo,Hatchback,6.49,2017,8,1709
Volkswagen,Vento,Sedan,10,2017,8,876
Datsun,Go,Hatchback,4.03,2017,9,532
Datsun,Go Plus,MUV,4.26,2017,9,684
Datsun,RediGo,Hatchback,3.98,2017,9,2650
Fiat,"Evo, Avventura",Hatchback,6.57,2017,9,168
Fiat,Linea,Sedan,7.19,2017,9,40
Ford,Aspire,Sedan,7.28,2017,9,2208
Ford,EcoSport,SUV,8.19,2017,9,4934
Ford,Endeavour,SUV,29.99,2017,9,460
Ford,Figo,Hatchback,5.82,2017,9,1159
Ford,Mustang,Others,74.61,2017,9,8
Honda,Amaze,Sedan,6.38,2017,9,2561
Honda,Brio,Hatchback,4.73,2017,9,504
Honda,BRV,SUV,13.9,2017,9,1298
Honda,City,Sedan,15.18,2017,9,6010
Honda,CRV,SUV,28.34,2017,9,31
Honda,Jazz,Hatchback,7.81,2017,9,3001
Honda,WRV,SUV,8.82,2017,9,4834
Hyundai,Creta,SUV,10.22,2017,9,9292
Hyundai,Elantra,Sedan,17.86,2017,9,170
Hyundai,Elite i20,Hatchback,5.57,2017,9,11574
Hyundai,Eon,Hatchback,3.33,2017,9,5144
Hyundai,Grand i10,Hatchback,5,2017,9,14099
Hyundai,Tucson,SUV,23,2017,9,86
Hyundai,Verna,Sedan,8,2017,9,6054
Hyundai,Xcent,Sedan,6,2017,9,3609
Mahindra,Bolero,MUV,8.99,2017,9,8646
Mahindra,KUV100,Hatchback,6.19,2017,9,1300
Mahindra,Scorpio,SUV,13.18,2017,9,6260
Mahindra,TUV300,SUV,15,2017,9,2727
Mahindra,"Verito, Vibe",Sedan,10,2017,9,76
Mahindra,XUV500,SUV,13,2017,9,3343
Mahindra,Xylo,MUV,8.86,2017,9,773
Maruti Suzuki,Alto,Hatchback,3.25,2017,9,23830
Maruti Suzuki,Baleno,Hatchback,6.03,2017,9,16238
Maruti Suzuki,Celerio,Hatchback,5.14,2017,9,4797
Maruti Suzuki,Ciaz,Sedan,8.67,2017,9,5603
Maruti Suzuki,Dzire,Sedan,6.09,2017,9,34305
Maruti Suzuki,Ertiga,MUV,8.11,2017,9,5683
Maruti Suzuki,Gypsy,MUV,6.5,2017,9,564
Maruti Suzuki,Ignis,Hatchback,5.08,2017,9,4271
Maruti Suzuki,Omni,MUV,2.08,2017,9,6920
Maruti Suzuki,S-Cross,Hatchback,8.6,2017,9,385
Maruti Suzuki,Swift,Hatchback,5.9,2017,9,13193
Maruti Suzuki,Vitara Brezza,SUV,7.68,2017,9,13268
Maruti Suzuki,WagonR,Hatchback,5.16,2017,9,14649
Maruti Suzuki,Еесо,MUV,4.53,2017,9,6815
Nissan,Micra,Hatchback,6.63,2017,9,642
Nissan,Sunny,Sedan,7.07,2017,9,242
Nissan,Terrano,SUV,10,2017,9,252
Renault,Kwid,Hatchback,4.24,2017,9,9099
Renault,Lodgy,MUV,8.63,2017,9,286
Skoda,Octavia,Sedan,26.29,2017,9,186
Skoda,Rapid,Sedan,11.99,2017,9,1312
Skoda,Superb,Sedan,32.85,2017,9,153
Tata,Bolt,Hatchback,5.25,2017,9,215
Tata,Nano,Hatchback,2.05,2017,9,124
Tata,"Safari, Storme",SUV,11.09,2017,9,481
Tata,Sumo,MUV,5.26,2017,9,550
Tata,Tiago,Hatchback,5.19,2017,9,8316
Tata,Tigor,Sedan,5.79,2017,9,1770
Tata,Zest,Sedan,5.82,2017,9,1607
Tata,Hexa,MUV,13.69,2017,9,1245
Toyota,Camry,Sedan,41.7,2017,9,32
Toyota,Corolla,Sedan,16.46,2017,9,354
Toyota,Etios,Sedan,7.04,2017,9,2183
Toyota,Fortuner,SUV,31.38,2017,9,2185
Toyota,Innova,MUV,17.3,2017,9,6323
Toyota,Landcruiser,SUV,147,2017,9,11
Toyota,"Liva, Cross",Hatchback,5.68,2017,9,1247
Volkswagen,Polo,Hatchback,6.49,2017,9,2323
Volkswagen,Vento,Sedan,10,2017,9,794
Datsun,Go,Hatchback,4.03,2017,10,579
Datsun,Go Plus,MUV,4.26,2017,10,437
Datsun,RediGo,Hatchback,3.98,2017,10,2544
Fiat,"Evo, Avventura",Hatchback,6.57,2017,10,90
Fiat,Linea,Sedan,7.19,2017,10,33
Ford,Aspire,Sedan,7.28,2017,10,2180
Ford,EcoSport,SUV,8.19,2017,10,400
Ford,Endeavour,SUV,29.99,2017,10,523
Ford,Figo,Hatchback,5.82,2017,10,1112
Ford,Mustang,Others,74.61,2017,10,3
Honda,Amaze,Sedan,6.38,2017,10,1845
Honda,Brio,Hatchback,4.73,2017,10,640
Honda,BRV,SUV,13.9,2017,10,1280
Honda,City,Sedan,15.18,2017,10,4366
Honda,CRV,SUV,28.34,2017,10,14
Honda,Jazz,Hatchback,7.81,2017,10,2646
Honda,WRV,SUV,8.82,2017,10,3443
Hyundai,Creta,SUV,10.22,2017,10,9248
Hyundai,Elantra,Sedan,17.86,2017,10,184
Hyundai,Elite i20,Hatchback,5.57,2017,10,11012
Hyundai,Eon,Hatchback,3.33,2017,10,6350
Hyundai,Grand i10,Hatchback,5,2017,10,14417
Hyundai,Tucson,SUV,23,2017,10,185
Hyundai,Verna,Sedan,8,2017,10,4701
Hyundai,Xcent,Sedan,6,2017,10,3491
Mahindra,Bolero,MUV,8.99,2017,10,8395
Mahindra,KUV100,Hatchback,6.19,2017,10,3621
Mahindra,Scorpio,SUV,13.18,2017,10,3422
Mahindra,TUV300,SUV,15,2017,10,2781
Mahindra,"Verito, Vibe",Sedan,10,2017,10,33
Mahindra,XUV500,SUV,13,2017,10,2697
Mahindra,Xylo,MUV,8.86,2017,10,550
Maruti Suzuki,Alto,Hatchback,3.25,2017,10,19447
Maruti Suzuki,Baleno,Hatchback,6.03,2017,10,14532
Maruti Suzuki,Celerio,Hatchback,5.14,2017,10,12209
Maruti Suzuki,Ciaz,Sedan,8.67,2017,10,4107
Maruti Suzuki,Dzire,Sedan,6.09,2017,10,20610
Maruti Suzuki,Ertiga,MUV,8.11,2017,10,4769
Maruti Suzuki,Gypsy,MUV,6.5,2017,10,1419
Maruti Suzuki,Ignis,Hatchback,5.08,2017,10,3072
Maruti Suzuki,Omni,MUV,2.08,2017,10,6678
Maruti Suzuki,S-Cross,Hatchback,8.6,2017,10,5510
Maruti Suzuki,Swift,Hatchback,5.9,2017,10,12057
Maruti Suzuki,Vitara Brezza,SUV,7.68,2017,10,11684
Maruti Suzuki,WagonR,Hatchback,5.16,2017,10,13043
Maruti Suzuki,Еесо,MUV,4.53,2017,10,5991
Nissan,Micra,Hatchback,6.63,2017,10,686
Nissan,Sunny,Sedan,7.07,2017,10,163
Nissan,Terrano,SUV,10,2017,10,236
Renault,Kwid,Hatchback,4.24,2017,10,8136
Renault,Lodgy,MUV,8.63,2017,10,250
Skoda,Octavia,Sedan,26.29,2017,10,253
Skoda,Rapid,Sedan,11.99,2017,10,1086
Skoda,Superb,Sedan,32.85,2017,10,78
Tata,Bolt,Hatchback,5.25,2017,10,229
Tata,Nano,Hatchback,2.05,2017,10,57
Tata,"Safari, Storme",SUV,11.09,2017,10,486
Tata,Sumo,MUV,5.26,2017,10,518
Tata,Tiago,Hatchback,5.19,2017,10,6990
Tata,Tigor,Sedan,5.79,2017,10,1945
Tata,Zest,Sedan,5.82,2017,10,1874
Tata,Hexa,MUV,13.69,2017,10,1041
Toyota,Camry,Sedan,41.7,2017,10,27
Toyota,Corolla,Sedan,16.46,2017,10,325
Toyota,Etios,Sedan,7.04,2017,10,2440
Toyota,Fortuner,SUV,31.38,2017,10,2192
Toyota,Innova,MUV,17.3,2017,10,6455
Toyota,Landcruiser,SUV,147,2017,10,5
Toyota,"Liva, Cross",Hatchback,5.68,2017,10,959
Volkswagen,Polo,Hatchback,6.49,2017,10,2165
Volkswagen,Vento,Sedan,10,2017,10,411
Datsun,Go,Hatchback,4.03,2017,11,351
Datsun,Go Plus,MUV,4.26,2017,11,527
Datsun,RediGo,Hatchback,3.98,2017,11,2199
Fiat,"Evo, Avventura",Hatchback,6.57,2017,11,60
Fiat,Linea,Sedan,7.19,2017,11,12
Ford,Aspire,Sedan,7.28,2017,11,1151
Ford,EcoSport,SUV,8.19,2017,11,5474
Ford,Endeavour,SUV,29.99,2017,11,549
Ford,Figo,Hatchback,5.82,2017,11,599
Ford,Mustang,Others,74.61,2017,11,4
Honda,Amaze,Sedan,6.38,2017,11,1976
Honda,Brio,Hatchback,4.73,2017,11,154
Honda,BRV,SUV,13.9,2017,11,793
Honda,City,Sedan,15.18,2017,11,3315
Honda,CRV,SUV,28.34,2017,11,21
Honda,Jazz,Hatchback,7.81,2017,11,2039
Honda,WRV,SUV,8.82,2017,11,3521
Hyundai,Creta,SUV,10.22,2017,11,8528
Hyundai,Elantra,Sedan,17.86,2017,11,144
Hyundai,Elite i20,Hatchback,5.57,2017,11,10236
Hyundai,Eon,Hatchback,3.33,2017,11,5137
Hyundai,Grand i10,Hatchback,5,2017,11,13249
Hyundai,Tucson,SUV,23,2017,11,122
Hyundai,Verna,Sedan,8,2017,11,3751
Hyundai,Xcent,Sedan,6,2017,11,2841
Mahindra,Bolero,MUV,8.99,2017,11,4911
Mahindra,KUV100,Hatchback,6.19,2017,11,2190
Mahindra,Scorpio,SUV,13.18,2017,11,3660
Mahindra,TUV300,SUV,15,2017,11,2135
Mahindra,"Verito, Vibe",Sedan,10,2017,11,74
Mahindra,XUV500,SUV,13,2017,11,1229
Mahindra,Xylo,MUV,8.86,2017,11,356
Maruti Suzuki,Alto,Hatchback,3.25,2017,11,24166
Maruti Suzuki,Baleno,Hatchback,6.03,2017,11,17769
Maruti Suzuki,Celerio,Hatchback,5.14,2017,11,8437
Maruti Suzuki,Ciaz,Sedan,8.67,2017,11,4009
Maruti Suzuki,Dzire,Sedan,6.09,2017,11,22492
Maruti Suzuki,Ertiga,MUV,8.11,2017,11,4682
Maruti Suzuki,Gypsy,MUV,6.5,2017,11,569
Maruti Suzuki,Ignis,Hatchback,5.08,2017,11,3412
Maruti Suzuki,Omni,MUV,2.08,2017,11,6769
Maruti Suzuki,S-Cross,Hatchback,8.6,2017,11,3363
Maruti Suzuki,Swift,Hatchback,5.9,2017,11,13337
Maruti Suzuki,Vitara Brezza,SUV,7.68,2017,11,14458
Maruti Suzuki,WagonR,Hatchback,5.16,2017,11,14038
Maruti Suzuki,Еесо,MUV,4.53,2017,11,6796
Nissan,Micra,Hatchback,6.63,2017,11,566
Nissan,Sunny,Sedan,7.07,2017,11,208
Nissan,Terrano,SUV,10,2017,11,124
Renault,Kwid,Hatchback,4.24,2017,11,5726
Renault,Lodgy,MUV,8.63,2017,11,157
Skoda,Octavia,Sedan,26.29,2017,11,263
Skoda,Rapid,Sedan,11.99,2017,11,874
Skoda,Superb,Sedan,32.85,2017,11,101
Tata,Bolt,Hatchback,5.25,2017,11,259
Tata,Nano,Hatchback,2.05,2017,11,121
Tata,"Safari, Storme",SUV,11.09,2017,11,217
Tata,Sumo,MUV,5.26,2017,11,457
Tata,Tiago,Hatchback,5.19,2017,11,7416
Tata,Tigor,Sedan,5.79,2017,11,2564
Tata,Zest,Sedan,5.82,2017,11,1003
Tata,Hexa,MUV,13.69,2017,11,764
Toyota,Camry,Sedan,41.7,2017,11,13
Toyota,Corolla,Sedan,16.46,2017,11,340
Toyota,Etios,Sedan,7.04,2017,11,2116
Toyota,Fortuner,SUV,31.38,2017,11,2271
Toyota,Innova,MUV,17.3,2017,11,6673
Toyota,Landcruiser,SUV,147,2017,11,8
Toyota,"Liva, Cross",Hatchback,5.68,2017,11,1312
Volkswagen,Polo,Hatchback,6.49,2017,11,1525
Volkswagen,Vento,Sedan,10,2017,11,4602
Datsun,Go,Hatchback,4.03,2017,12,442
Datsun,Go Plus,MUV,4.26,2017,12,577
Datsun,RediGo,Hatchback,3.98,2017,12,1757
Fiat,"Evo, Avventura",Hatchback,6.57,2017,12,54
Fiat,Linea,Sedan,7.19,2017,12,14
Ford,Aspire,Sedan,7.28,2017,12,2346
Ford,EcoSport,SUV,8.19,2017,12,1733
Ford,Endeavour,SUV,29.99,2017,12,326
Ford,Figo,Hatchback,5.82,2017,12,679
Ford,Mustang,Others,74.61,2017,12,3
Honda,Amaze,Sedan,6.38,2017,12,1415
Honda,Brio,Hatchback,4.73,2017,12,291
Honda,BRV,SUV,13.9,2017,12,880
Honda,City,Sedan,15.18,2017,12,4365
Honda,CRV,SUV,28.34,2017,12,40
Honda,Jazz,Hatchback,7.81,2017,12,1891
Honda,WRV,SUV,8.82,2017,12,3760
Hyundai,Creta,SUV,10.22,2017,12,6755
Hyundai,Elantra,Sedan,17.86,2017,12,114
Hyundai,Elite i20,Hatchback,5.57,2017,12,9847
Hyundai,Eon,Hatchback,3.33,2017,12,5672
Hyundai,Grand i10,Hatchback,5,2017,12,12955
Hyundai,Tucson,SUV,23,2017,12,156
Hyundai,Verna,Sedan,8,2017,12,1953
Hyundai,Xcent,Sedan,6,2017,12,2706
Mahindra,Bolero,MUV,8.99,2017,12,5529
Mahindra,KUV100,Hatchback,6.19,2017,12,1660
Mahindra,Scorpio,SUV,13.18,2017,12,3333
Mahindra,TUV300,SUV,15,2017,12,1801
Mahindra,"Verito, Vibe",Sedan,10,2017,12,33
Mahindra,XUV500,SUV,13,2017,12,1419
Mahindra,Xylo,MUV,8.86,2017,12,445
Maruti Suzuki,Alto,Hatchback,3.25,2017,12,20346
Maruti Suzuki,Baleno,Hatchback,6.03,2017,12,14551
Maruti Suzuki,Celerio,Hatchback,5.14,2017,12,6161
Maruti Suzuki,Ciaz,Sedan,8.67,2017,12,2382
Maruti Suzuki,Dzire,Sedan,6.09,2017,12,21145
Maruti Suzuki,Ertiga,MUV,8.11,2017,12,4288
Maruti Suzuki,Gypsy,MUV,6.5,2017,12,601
Maruti Suzuki,Ignis,Hatchback,5.08,2017,12,1686
Maruti Suzuki,Omni,MUV,2.08,2017,12,5678
Maruti Suzuki,S-Cross,Hatchback,8.6,2017,12,2847
Maruti Suzuki,Swift,Hatchback,5.9,2017,12,9793
Maruti Suzuki,Vitara Brezza,SUV,7.68,2017,12,11540
Maruti Suzuki,WagonR,Hatchback,5.16,2017,12,11800
Maruti Suzuki,Еесо,MUV,4.53,2017,12,5742
Nissan,Micra,Hatchback,6.63,2017,12,423
Nissan,Sunny,Sedan,7.07,2017,12,333
Nissan,Terrano,SUV,10,2017,12,125
Renault,Kwid,Hatchback,4.24,2017,12,6953
Renault,Lodgy,MUV,8.63,2017,12,214
Skoda,Octavia,Sedan,26.29,2017,12,243
Skoda,Rapid,Sedan,11.99,2017,12,1090
Skoda,Superb,Sedan,32.85,2017,12,218
Tata,Bolt,Hatchback,5.25,2017,12,157
Tata,Nano,Hatchback,2.05,2017,12,94
Tata,"Safari, Storme",SUV,11.09,2017,12,301
Tata,Sumo,MUV,5.26,2017,12,494
Tata,Tiago,Hatchback,5.19,2017,12,5242
Tata,Tigor,Sedan,5.79,2017,12,1270
Tata,Zest,Sedan,5.82,2017,12,1237
Tata,Hexa,MUV,13.69,2017,12,1219
Toyota,Camry,Sedan,41.7,2017,12,20
Toyota,Corolla,Sedan,16.46,2017,12,285
Toyota,Etios,Sedan,7.04,2017,12,1728
Toyota,Fortuner,SUV,31.38,2017,12,1591
Toyota,Innova,MUV,17.3,2017,12,5947
Toyota,Landcruiser,SUV,147,2017,12,13
Toyota,"Liva, Cross",Hatchback,5.68,2017,12,1209
Volkswagen,Polo,Hatchback,6.49,2017,12,1569
Volkswagen,Vento,Sedan,10,2017,12,548
